movieid,rating
1,3.9
2,3.4
3,3.3
4,2.4
5,3.1
6,3.9
7,3.2
8,2.9
9,3.1
10,3.5
11,3.7
12,2.4
13,3.1
14,3.8
15,3.0
16,3.9
17,3.8
18,3.7
19,2.7
20,2.5
21,3.5
22,3.2
23,3.1
24,3.1
25,3.6
26,3.5
27,3.3
28,4.2
29,4.0
30,3.0
31,3.2
32,4.0
34,3.7
36,3.8
38,2.1
39,3.3
40,4.2
41,3.7
42,3.0
43,3.2
44,2.5
45,3.3
46,3.1
47,4.0
48,3.1
49,3.0
50,4.2
52,3.5
53,5.0
54,2.3
55,4.0
57,3.1
58,4.0
60,3.2
61,3.8
62,3.7
63,2.7
64,2.2
65,2.5
66,2.5
68,3.4
69,3.8
70,3.5
71,1.7
72,3.2
73,3.5
74,4.0
75,2.2
76,3.4
77,4.0
78,3.3
79,2.8
80,4.0
81,3.1
82,3.9
83,3.0
85,3.9
86,4.0
87,2.5
88,3.2
89,3.2
92,2.6
93,2.8
94,4.0
95,3.0
96,3.5
97,3.9
99,5.0
100,2.8
101,3.8
102,2.4
103,3.0
104,3.4
105,3.3
106,4.0
107,3.3
108,4.0
110,4.0
111,4.1
112,3.5
113,3.3
116,3.9
117,3.0
118,2.5
119,3.0
121,4.0
122,2.7
123,4.4
125,3.6
126,2.0
128,3.0
129,2.0
132,2.8
135,3.0
137,3.0
140,3.5
141,3.5
144,3.3
145,3.2
146,3.3
147,3.5
148,5.0
149,2.0
150,3.8
151,3.5
152,1.5
153,2.9
154,3.9
155,2.4
156,3.3
157,2.9
158,2.8
159,2.9
160,2.9
161,3.6
162,4.2
163,3.6
164,3.3
165,3.6
166,2.8
168,3.1
169,2.4
170,3.2
171,3.8
172,2.7
173,2.7
174,2.7
175,4.0
176,4.3
177,2.8
178,1.0
179,1.5
180,3.4
181,2.3
183,3.5
184,3.5
185,3.0
186,2.8
187,4.1
188,3.5
189,3.0
190,2.8
191,2.4
193,2.5
194,3.7
195,3.1
196,2.7
198,3.2
199,4.1
201,3.0
202,3.0
203,3.4
204,2.7
205,3.2
206,3.0
207,3.4
208,2.9
209,3.2
210,3.0
211,3.5
212,3.0
213,3.8
214,4.0
215,4.0
216,3.3
217,2.3
218,3.4
219,3.0
220,3.0
222,3.8
223,3.9
224,3.6
225,3.5
227,2.9
228,2.3
229,3.4
230,3.4
231,3.1
232,3.9
233,3.5
234,2.6
235,3.7
236,3.5
237,3.3
238,4.0
239,3.0
240,2.4
241,4.0
242,3.6
243,3.0
246,4.3
247,3.9
248,3.2
249,3.7
250,2.5
251,3.0
252,3.5
253,3.5
254,3.0
255,2.1
256,2.8
257,3.5
258,2.6
259,3.2
260,4.2
261,3.9
262,3.9
263,4.0
265,3.9
266,3.4
267,2.9
269,3.0
270,3.4
271,3.5
272,3.8
273,2.9
274,2.9
275,2.0
276,3.2
277,3.2
278,1.5
279,3.0
280,4.1
281,3.8
282,3.3
283,3.7
284,4.5
285,4.0
287,3.0
288,3.2
289,3.6
290,4.0
291,2.3
292,3.4
293,4.0
294,3.0
295,3.0
296,4.2
298,2.0
299,4.0
300,3.5
301,4.0
302,3.2
303,3.0
304,3.7
305,2.8
306,4.2
307,3.9
308,4.0
310,3.0
311,3.0
312,1.4
313,3.3
314,3.8
315,3.1
316,3.4
317,3.2
318,4.4
319,3.6
320,3.0
321,4.0
322,3.5
324,4.0
325,2.5
326,4.0
327,2.8
328,3.1
329,3.4
330,3.0
331,3.0
332,2.8
333,3.8
334,4.2
335,3.5
336,3.0
337,3.8
338,2.8
339,3.5
340,3.4
341,4.0
342,3.3
343,2.9
344,3.0
345,3.6
346,3.5
347,3.5
348,3.6
349,3.6
350,3.4
351,3.2
352,2.5
353,3.6
354,3.3
355,2.4
356,4.2
357,3.5
358,2.7
359,3.0
360,2.7
361,3.1
362,3.5
363,4.0
364,3.9
365,3.2
366,2.9
367,3.2
368,3.5
369,4.0
370,3.1
371,3.3
372,2.8
373,3.6
374,2.2
376,3.2
377,3.5
378,2.8
379,2.5
380,3.5
381,3.8
382,3.2
383,3.1
384,3.2
385,4.0
386,3.0
387,2.4
388,3.0
389,4.5
390,3.7
391,4.5
393,2.5
405,2.4
406,3.0
407,3.4
408,3.0
409,2.0
410,3.1
412,3.5
413,2.8
414,2.3
415,2.5
416,2.5
417,3.7
418,3.0
419,2.7
420,2.7
421,3.2
422,3.2
423,2.9
424,1.8
425,3.8
426,3.1
427,2.5
428,3.7
429,2.0
430,3.8
431,3.7
432,2.6
433,2.8
434,3.0
435,2.4
436,2.6
437,2.2
438,2.7
440,3.5
441,3.9
442,3.1
444,2.3
445,3.0
446,3.8
448,3.6
449,1.0
450,3.0
451,4.0
452,3.0
453,2.8
454,3.5
455,2.4
456,3.8
457,4.0
458,2.8
459,2.2
460,2.7
461,2.8
464,2.9
466,2.9
467,5.0
468,3.2
469,3.4
470,1.0
471,3.5
472,2.6
473,1.9
474,3.7
475,4.3
476,1.0
477,3.4
478,2.5
479,2.2
480,3.8
481,3.2
482,3.6
484,3.0
485,2.9
486,3.0
487,2.5
488,3.0
489,2.9
490,3.0
491,3.3
492,3.8
493,3.7
494,3.4
495,5.0
496,5.0
497,3.8
499,2.5
500,3.4
501,3.7
502,2.4
504,3.0
505,2.2
506,4.5
507,3.4
508,3.6
509,3.5
510,3.0
511,3.0
512,3.0
513,3.4
514,3.4
515,3.6
516,3.1
517,3.3
518,2.4
519,2.4
520,3.1
521,3.2
522,3.3
523,3.5
524,3.5
526,4.0
527,4.2
528,2.3
529,3.9
531,3.2
532,3.0
533,2.9
534,3.6
535,3.3
536,3.3
537,3.2
538,3.6
539,3.5
540,2.7
541,4.1
542,2.8
543,3.3
544,2.4
546,2.0
547,3.2
548,2.8
549,4.5
550,3.4
551,3.6
552,3.3
553,3.8
555,3.8
556,3.3
558,2.9
562,3.5
563,4.0
564,1.5
567,2.0
568,3.5
569,2.7
573,3.5
574,3.2
575,2.7
577,2.1
579,3.0
580,2.8
581,4.0
583,4.0
585,2.7
586,3.0
587,3.4
588,3.8
589,4.0
590,3.8
592,3.4
593,4.2
594,3.6
595,3.8
596,3.5
597,3.5
599,3.8
600,4.0
602,4.0
605,3.0
606,3.0
608,4.1
609,3.6
610,3.5
611,2.4
612,2.5
613,3.2
615,3.0
616,3.4
617,2.8
618,3.0
619,2.6
626,5.0
627,3.3
628,3.6
631,3.2
632,4.0
633,5.0
634,2.2
635,3.0
636,3.0
637,3.0
638,3.0
639,3.0
640,2.7
645,3.5
647,3.3
648,3.5
649,3.0
650,3.0
653,3.1
656,3.0
661,3.4
662,3.3
663,3.3
665,4.3
667,2.8
668,4.2
670,4.8
671,3.5
673,2.7
674,3.2
678,3.8
679,4.0
680,4.1
685,4.0
688,2.3
691,3.3
692,2.0
694,3.0
695,4.0
697,2.7
698,1.0
700,3.2
703,2.0
704,2.6
706,3.0
707,2.9
708,3.4
709,3.1
710,2.6
711,3.0
714,4.0
715,3.7
718,4.1
719,2.8
720,4.1
722,4.0
724,3.0
725,2.5
726,3.0
728,3.5
731,3.3
733,3.6
735,3.9
736,3.3
737,2.6
741,4.1
742,2.8
743,2.5
745,3.9
747,3.3
748,3.1
750,4.3
757,4.0
759,3.5
760,4.2
761,2.8
762,2.4
764,3.5
765,3.2
766,3.5
773,3.5
775,3.0
778,4.0
779,4.0
780,3.4
781,3.5
782,3.0
783,3.3
784,2.8
785,3.4
786,3.1
788,2.7
790,2.0
791,4.0
795,3.5
798,2.7
799,3.5
800,4.2
801,3.1
802,3.3
803,4.0
804,3.2
805,3.7
806,1.5
808,3.5
809,2.3
810,2.2
813,2.8
818,3.2
823,3.5
824,4.0
828,3.3
829,2.7
830,3.1
832,3.3
833,2.0
835,3.7
836,2.9
837,3.3
838,3.9
839,2.8
840,3.4
841,3.0
842,2.5
848,3.3
849,2.9
851,2.8
852,3.2
858,4.3
861,3.8
866,4.0
867,1.8
869,3.7
870,1.0
875,3.5
876,5.0
879,3.0
880,2.7
881,2.1
882,2.0
885,2.5
886,2.7
888,2.2
889,4.0
891,3.8
892,3.5
893,3.7
896,2.5
897,3.8
898,4.3
899,4.1
900,3.7
901,3.0
902,3.8
903,4.0
904,4.3
905,4.3
906,4.1
907,3.5
908,4.2
909,4.0
910,4.0
911,3.8
912,4.2
913,4.2
914,4.0
915,3.8
916,4.1
917,3.5
918,4.1
919,3.9
920,3.6
921,3.4
922,4.3
923,4.0
924,3.9
926,4.2
927,4.0
928,4.2
929,3.5
930,4.2
931,3.8
932,3.9
933,4.2
934,3.2
935,3.8
936,4.0
937,3.5
938,3.2
940,4.0
941,3.8
942,4.3
943,3.9
944,4.0
945,4.1
946,2.5
947,3.8
948,3.9
949,3.9
950,3.9
951,4.4
952,3.6
953,4.0
954,4.1
955,3.9
956,4.0
959,3.5
961,4.0
963,3.0
965,4.0
968,3.8
969,4.0
970,3.5
971,4.1
973,3.9
976,3.0
979,3.0
981,3.0
982,3.0
984,3.5
986,3.5
987,3.0
988,3.0
990,2.9
991,3.3
993,3.0
994,4.2
996,2.5
998,3.0
999,3.0
1003,2.5
1004,3.0
1005,2.2
1006,3.5
1007,2.6
1008,3.0
1009,3.1
1010,3.1
1011,2.9
1012,3.4
1013,3.2
1014,2.9
1015,3.0
1016,2.9
1017,3.5
1018,2.4
1019,3.5
1020,3.1
1021,2.3
1022,3.5
1023,3.6
1024,3.7
1025,3.6
1027,3.0
1028,3.9
1029,3.4
1030,2.8
1031,3.5
1032,3.4
1033,3.6
1034,3.1
1035,3.9
1036,3.9
1037,2.8
1040,3.0
1041,4.6
1042,3.3
1043,2.4
1046,4.5
1047,3.3
1049,3.5
1050,3.9
1051,4.0
1053,3.0
1054,2.0
1055,1.5
1056,3.1
1057,3.5
1059,3.7
1060,3.7
1061,3.7
1064,3.2
1066,4.5
1068,3.5
1073,3.9
1076,0.0
1077,3.8
1078,3.4
1079,3.9
1080,3.9
1081,3.5
1082,3.6
1083,3.3
1084,4.1
1085,3.5
1086,4.1
1088,3.4
1089,4.2
1090,4.0
1091,2.5
1092,3.2
1093,3.4
1094,3.4
1095,3.7
1096,4.0
1097,3.8
1099,3.4
1100,2.7
1101,3.3
1103,4.1
1104,4.5
1105,4.7
1107,2.0
1111,4.1
1112,4.5
1114,3.0
1116,4.0
1117,3.5
1119,3.0
1120,3.5
1121,4.0
1123,4.2
1124,3.7
1125,3.7
1126,2.8
1127,3.5
1128,2.5
1129,3.4
1130,2.9
1131,4.1
1132,4.1
1135,3.1
1136,4.2
1137,4.0
1140,5.0
1144,4.0
1147,3.9
1148,4.0
1150,4.3
1151,5.0
1156,3.5
1161,3.7
1162,3.0
1163,1.0
1167,3.5
1170,2.5
1171,3.4
1172,4.2
1173,3.1
1175,3.8
1176,4.0
1177,4.0
1178,4.5
1179,3.6
1180,3.0
1183,3.7
1184,3.9
1185,4.0
1186,3.6
1187,3.6
1188,3.7
1189,4.0
1190,3.2
1191,3.5
1192,4.5
1193,4.2
1194,3.6
1196,4.2
1197,4.2
1198,4.2
1199,4.2
1200,4.0
1201,4.1
1202,3.9
1203,4.1
1204,4.3
1206,4.0
1207,4.1
1208,4.2
1209,4.3
1210,4.1
1211,3.9
1212,4.2
1213,4.2
1214,4.0
1215,4.0
1216,3.5
1217,4.4
1218,4.0
1219,4.0
1220,3.8
1221,4.3
1222,4.1
1223,4.1
1224,4.0
1225,4.2
1226,3.5
1227,4.1
1228,4.2
1230,3.9
1231,3.9
1232,3.6
1233,4.2
1234,4.0
1235,4.3
1236,4.3
1237,4.2
1238,4.1
1240,3.9
1241,4.0
1242,4.2
1243,4.0
1244,4.1
1245,4.2
1246,4.0
1247,4.1
1248,4.3
1249,4.1
1250,4.1
1251,4.1
1252,4.2
1253,3.8
1254,3.7
1255,3.0
1256,3.8
1257,3.7
1258,4.1
1259,4.0
1260,3.7
1261,4.0
1262,4.1
1263,3.8
1264,3.8
1265,3.9
1266,4.1
1267,4.2
1268,3.6
1269,3.9
1270,4.0
1271,3.5
1272,4.1
1273,4.0
1274,3.7
1275,3.7
1276,4.3
1277,4.1
1278,4.0
1279,4.1
1280,4.3
1281,4.1
1282,3.8
1283,4.2
1284,4.1
1285,3.7
1286,3.1
1287,3.9
1288,4.0
1289,3.9
1290,3.4
1291,4.0
1292,4.0
1293,3.8
1295,3.2
1296,3.7
1297,3.7
1298,3.8
1299,4.0
1300,4.2
1301,3.8
1302,3.5
1303,4.0
1304,3.9
1305,3.5
1306,2.7
1307,3.9
1310,5.0
1312,2.5
1318,2.0
1320,3.1
1321,3.4
1322,1.5
1323,1.7
1324,1.2
1325,1.2
1326,1.1
1327,2.6
1328,0.8
1329,2.8
1330,1.5
1331,2.0
1332,3.7
1333,3.6
1334,3.0
1335,1.0
1336,1.0
1337,4.5
1339,3.5
1340,3.2
1341,3.8
1342,2.5
1343,3.8
1344,4.0
1345,3.3
1346,2.8
1347,3.0
1348,3.5
1349,5.0
1350,3.8
1351,2.3
1352,2.2
1353,3.4
1354,4.1
1355,2.0
1356,3.9
1357,4.0
1358,3.8
1359,2.9
1361,4.1
1363,3.5
1365,3.6
1366,3.9
1367,3.1
1370,3.4
1371,3.0
1372,3.3
1373,2.7
1374,3.8
1375,3.3
1376,3.5
1377,3.0
1378,3.1
1379,3.0
1380,3.1
1381,2.1
1382,1.9
1385,2.9
1387,4.0
1388,2.6
1389,1.4
1390,2.7
1391,3.1
1392,4.1
1393,3.6
1394,4.0
1395,3.0
1396,3.5
1397,4.0
1398,2.5
1399,3.1
1401,3.3
1405,2.9
1406,4.5
1407,3.2
1408,3.8
1409,2.5
1411,4.0
1412,3.5
1413,4.2
1414,3.0
1415,2.5
1416,3.4
1417,3.2
1419,4.2
1422,2.8
1423,4.0
1425,3.0
1426,1.0
1427,1.0
1428,3.0
1429,3.6
1430,3.0
1431,2.5
1432,2.7
1437,4.2
1438,2.6
1439,2.2
1440,1.5
1441,3.5
1442,3.5
1445,2.1
1446,4.4
1447,3.4
1449,3.9
1453,1.8
1454,3.8
1456,2.0
1457,3.1
1458,4.0
1459,2.7
1460,3.2
1461,2.3
1464,3.3
1465,3.3
1466,3.7
1468,2.6
1473,4.0
1474,2.1
1475,4.0
1476,3.5
1477,4.0
1479,3.2
1480,3.4
1483,3.1
1484,3.7
1485,3.0
1487,3.0
1488,2.8
1489,3.0
1490,1.5
1493,3.5
1495,2.0
1496,4.0
1497,4.0
1498,3.0
1499,1.9
1500,3.6
1502,2.5
1503,3.0
1507,3.5
1513,3.0
1514,3.0
1515,2.1
1516,3.0
1517,3.5
1518,3.3
1519,1.0
1526,1.0
1527,3.7
1529,3.3
1533,4.5
1537,3.8
1541,2.7
1542,3.7
1544,2.8
1545,4.5
1546,3.5
1547,3.2
1549,4.0
1550,2.2
1551,2.2
1552,3.0
1554,2.4
1556,1.6
1562,2.2
1564,4.0
1565,4.0
1566,3.5
1569,3.5
1571,4.5
1572,3.0
1573,3.4
1574,1.0
1580,3.5
1581,2.2
1582,2.6
1583,3.0
1584,3.7
1585,3.0
1586,2.8
1587,3.3
1588,3.1
1589,3.3
1590,2.9
1591,2.6
1592,2.4
1593,2.8
1594,4.1
1596,4.3
1597,2.9
1598,2.5
1599,2.3
1600,3.5
1601,2.3
1602,1.8
1603,2.5
1604,3.3
1605,2.8
1606,2.3
1608,3.3
1609,2.7
1610,3.9
1611,4.1
1612,3.0
1613,4.0
1614,2.8
1615,3.0
1616,3.0
1617,4.1
1619,3.4
1620,3.1
1621,3.2
1623,2.2
1624,1.8
1625,3.7
1626,2.7
1627,3.4
1629,3.3
1631,5.0
1633,4.0
1635,3.9
1639,3.6
1641,3.8
1642,1.8
1643,3.8
1644,2.1
1645,3.4
1646,2.1
1647,2.5
1648,3.5
1649,2.5
1650,3.8
1652,4.5
1653,4.0
1654,3.5
1655,4.0
1656,4.0
1658,3.1
1659,4.0
1660,3.0
1661,3.0
1662,3.0
1663,3.8
1665,3.0
1667,2.1
1670,3.0
1671,3.0
1672,3.4
1673,4.1
1674,3.6
1675,3.5
1676,3.3
1677,2.0
1678,3.5
1679,2.0
1680,3.6
1681,1.9
1682,3.8
1683,4.4
1684,3.5
1685,3.0
1686,3.7
1687,3.2
1688,3.4
1689,2.2
1690,2.9
1693,3.5
1694,3.0
1695,4.0
1696,3.5
1699,4.0
1701,3.9
1702,3.0
1703,2.9
1704,4.1
1707,1.9
1711,3.1
1713,3.1
1717,2.9
1718,3.2
1719,4.2
1721,3.4
1722,3.1
1726,2.7
1727,3.8
1729,3.7
1730,3.2
1731,1.8
1732,3.9
1733,4.5
1734,4.1
1735,3.3
1739,4.0
1746,2.0
1747,3.3
1748,3.8
1752,2.5
1753,3.6
1754,3.5
1755,4.1
1757,2.0
1759,5.0
1760,1.4
1762,2.3
1767,3.0
1769,2.9
1770,2.5
1771,4.0
1772,2.7
1777,3.4
1779,2.8
1783,2.8
1784,3.7
1785,3.9
1791,2.3
1792,3.0
1793,4.0
1794,3.0
1797,4.2
1798,2.0
1799,3.4
1801,3.5
1804,3.0
1805,3.0
1806,2.3
1807,3.0
1809,4.0
1810,3.5
1812,3.7
1816,2.0
1821,2.7
1824,1.0
1825,3.5
1826,2.0
1827,3.3
1829,3.2
1831,2.4
1833,3.0
1834,4.0
1835,3.4
1836,4.5
1837,2.2
1839,3.0
1840,3.2
1841,3.0
1844,3.9
1845,4.0
1848,3.0
1855,2.6
1856,4.0
1857,3.5
1858,2.6
1859,3.7
1860,2.6
1862,1.9
1863,2.4
1866,2.9
1867,2.0
1870,3.0
1873,3.8
1875,3.9
1876,3.1
1881,2.0
1882,2.0
1883,3.3
1884,4.0
1885,3.1
1887,2.0
1888,2.7
1889,3.8
1891,2.0
1892,3.3
1893,4.5
1894,2.8
1895,3.3
1897,3.5
1900,4.0
1902,4.0
1904,3.3
1906,2.5
1907,3.6
1909,3.4
1910,2.0
1911,2.6
1912,3.9
1913,4.0
1914,3.4
1916,3.4
1917,3.1
1918,2.8
1919,2.5
1920,2.8
1921,3.9
1922,3.5
1923,3.7
1924,3.2
1926,3.0
1927,4.3
1928,3.5
1929,4.0
1931,4.2
1932,3.5
1933,3.0
1934,3.8
1936,4.0
1937,3.2
1938,4.0
1939,4.1
1940,4.0
1941,3.5
1942,4.2
1944,4.0
1945,4.2
1946,3.8
1947,3.6
1948,3.6
1949,4.3
1950,4.2
1951,3.6
1952,4.0
1953,3.9
1954,3.8
1955,3.9
1956,4.0
1957,4.0
1958,3.8
1959,3.7
1960,3.7
1961,3.8
1962,3.7
1963,3.4
1964,4.1
1965,3.4
1966,3.6
1967,3.8
1968,3.8
1969,2.4
1970,2.9
1971,2.4
1972,2.1
1973,2.2
1974,2.9
1975,2.5
1976,2.2
1977,2.6
1978,2.5
1979,3.2
1980,2.0
1981,2.0
1982,3.7
1983,2.4
1984,2.2
1985,2.0
1986,1.5
1987,2.5
1990,4.0
1991,2.7
1992,2.4
1993,1.8
1994,3.4
1995,1.7
1996,1.9
1997,3.8
1998,1.5
1999,2.0
2000,3.7
2001,3.2
2002,2.9
2003,3.4
2004,3.3
2005,3.6
2006,3.1
2007,3.5
2008,3.0
2009,3.5
2010,3.9
2011,3.5
2012,3.4
2013,3.1
2014,2.6
2015,3.4
2016,2.9
2017,3.1
2018,3.4
2019,4.2
2020,4.0
2021,3.4
2022,3.7
2023,3.4
2024,3.3
2025,3.9
2026,2.0
2027,1.8
2028,4.1
2032,2.0
2033,3.8
2034,2.6
2035,3.7
2036,2.2
2037,4.0
2038,2.3
2040,2.9
2041,3.3
2042,2.6
2043,2.8
2044,2.5
2046,3.2
2048,3.6
2050,2.9
2051,2.3
2052,2.8
2053,2.0
2054,2.8
2055,3.0
2056,3.0
2057,3.4
2058,3.4
2059,3.0
2060,3.1
2064,3.8
2065,3.7
2066,4.1
2067,4.1
2068,2.8
2069,4.2
2070,3.4
2071,3.2
2072,3.2
2073,3.6
2074,3.7
2075,5.0
2076,3.9
2077,3.4
2078,3.8
2080,3.4
2081,3.4
2082,2.7
2083,3.7
2084,2.7
2085,3.4
2087,3.6
2088,2.5
2089,3.5
2090,3.2
2091,2.2
2092,2.4
2093,3.0
2094,3.3
2095,2.8
2096,3.4
2097,2.9
2098,2.5
2099,3.4
2100,3.1
2102,2.3
2103,2.5
2104,4.0
2105,3.3
2106,3.7
2107,3.0
2108,3.5
2109,3.4
2110,3.3
2111,3.2
2112,3.2
2114,3.7
2115,3.6
2116,3.1
2117,3.7
2118,3.7
2119,1.3
2120,2.0
2121,2.2
2122,2.5
2123,2.7
2124,3.3
2125,3.6
2126,2.8
2130,3.7
2131,4.6
2132,4.1
2133,3.3
2134,3.1
2135,3.8
2136,2.5
2137,3.5
2138,4.0
2139,3.5
2140,3.5
2141,3.2
2142,2.7
2143,3.1
2144,3.6
2145,3.2
2146,3.2
2147,2.7
2148,3.1
2149,1.8
2150,3.9
2151,3.8
2152,2.0
2153,2.3
2154,1.8
2155,3.6
2156,4.0
2159,3.9
2160,4.2
2161,3.6
2162,2.5
2163,2.2
2164,1.0
2165,3.5
2166,2.5
2167,3.4
2169,2.3
2170,2.4
2171,3.3
2172,3.0
2174,3.5
2175,4.5
2176,3.9
2177,3.2
2178,3.5
2179,3.0
2180,3.5
2181,3.6
2182,2.9
2183,3.6
2184,3.4
2185,4.0
2186,4.0
2187,3.5
2188,2.0
2190,2.0
2193,3.3
2194,3.9
2195,3.2
2196,5.0
2201,3.5
2202,4.4
2203,4.1
2204,3.9
2205,2.9
2206,4.0
2207,3.0
2208,3.9
2210,3.2
2211,3.0
2212,3.7
2226,1.0
2227,3.5
2231,3.9
2232,3.4
2236,3.0
2239,4.7
2240,3.9
2241,3.5
2243,3.4
2244,1.5
2245,3.2
2247,3.0
2248,3.9
2249,3.2
2252,2.5
2253,2.4
2255,1.5
2256,2.5
2257,4.0
2259,3.2
2260,2.5
2261,3.0
2262,3.0
2263,2.8
2264,2.8
2265,2.4
2266,3.1
2267,2.5
2268,3.8
2269,3.0
2271,3.0
2272,2.8
2273,3.3
2275,3.6
2278,3.5
2279,2.4
2280,3.0
2281,2.5
2282,3.4
2283,3.5
2286,2.0
2287,3.8
2288,3.9
2289,3.9
2290,3.6
2291,3.7
2292,2.5
2294,3.2
2295,4.5
2296,2.1
2297,3.6
2298,4.0
2300,4.0
2301,3.6
2302,3.3
2303,3.6
2304,4.0
2306,2.6
2307,3.0
2310,3.7
2311,3.6
2312,3.8
2313,4.0
2314,4.5
2315,2.2
2316,3.2
2318,4.1
2320,3.0
2321,3.5
2322,3.1
2323,4.2
2324,4.1
2325,3.1
2327,3.7
2328,2.4
2329,4.2
2330,4.5
2331,3.0
2332,1.2
2333,4.1
2334,2.8
2335,3.2
2336,3.7
2337,3.4
2338,2.1
2339,1.5
2340,3.0
2342,4.0
2344,3.2
2346,3.2
2347,2.3
2348,3.4
2349,3.5
2350,3.5
2351,4.3
2352,3.8
2353,3.5
2354,2.5
2355,3.5
2356,2.6
2357,4.4
2358,4.0
2359,3.7
2360,4.5
2361,2.8
2362,4.0
2363,2.2
2364,1.5
2365,2.5
2366,3.6
2367,2.7
2368,2.0
2369,2.7
2370,3.0
2371,3.1
2372,2.2
2373,2.3
2374,3.2
2375,2.9
2376,3.2
2377,2.5
2378,3.0
2379,2.5
2380,2.3
2381,2.1
2382,2.5
2383,1.5
2384,2.8
2385,2.3
2387,3.4
2388,4.0
2389,1.9
2390,3.9
2391,3.8
2392,1.9
2393,3.2
2394,3.5
2395,3.5
2396,3.8
2398,4.1
2399,2.2
2400,3.0
2401,3.8
2402,2.7
2403,3.5
2404,1.9
2405,2.8
2406,3.5
2407,3.3
2408,2.3
2409,3.2
2410,2.7
2411,2.7
2412,1.9
2413,3.4
2414,3.4
2415,3.0
2416,2.9
2417,1.0
2418,2.8
2419,3.8
2420,3.6
2421,2.8
2422,1.8
2423,3.6
2424,3.1
2425,4.0
2427,3.3
2428,2.5
2429,2.8
2430,2.8
2431,3.4
2432,3.1
2433,3.0
2435,4.0
2436,4.2
2439,3.2
2442,3.8
2443,3.4
2445,2.7
2446,2.0
2447,3.3
2448,2.7
2450,2.2
2451,3.0
2453,2.2
2454,3.4
2455,3.4
2456,2.3
2457,3.6
2458,2.8
2459,3.3
2460,2.0
2462,3.0
2463,3.3
2465,1.5
2467,3.8
2468,2.5
2469,3.2
2470,3.2
2471,2.5
2472,3.0
2473,2.6
2474,3.5
2475,3.7
2476,3.8
2477,3.3
2478,3.1
2481,4.0
2482,3.0
2483,3.5
2485,2.8
2488,3.0
2490,3.4
2491,3.6
2492,3.0
2493,4.0
2494,4.0
2495,4.0
2496,3.1
2497,2.9
2498,2.1
2500,2.0
2501,3.8
2502,4.1
2503,4.0
2504,3.2
2505,2.9
2506,3.3
2511,4.7
2512,5.0
2513,2.9
2514,1.8
2515,1.8
2516,1.0
2517,3.0
2518,3.0
2520,2.2
2521,3.5
2522,3.2
2523,2.5
2524,3.2
2525,2.0
2526,1.8
2527,3.4
2528,3.2
2529,3.8
2530,2.8
2531,2.8
2532,2.8
2533,3.0
2534,2.5
2535,2.7
2537,2.0
2538,1.0
2539,3.1
2540,2.5
2541,3.2
2542,4.1
2544,3.0
2546,3.2
2548,1.8
2549,2.9
2550,4.0
2551,3.7
2552,1.5
2553,3.1
2554,3.2
2555,1.7
2557,4.5
2558,2.3
2559,3.0
2560,3.0
2561,2.8
2563,4.2
2565,4.2
2566,2.0
2567,3.0
2568,3.2
2570,3.2
2571,4.2
2572,3.5
2573,1.0
2574,2.0
2575,3.8
2577,3.0
2579,3.8
2580,4.0
2581,3.0
2582,3.0
2583,3.9
2585,4.2
2586,1.8
2587,3.2
2589,3.5
2590,2.5
2593,3.4
2594,3.8
2596,3.8
2597,2.8
2598,2.8
2599,3.7
2600,3.9
2605,3.0
2606,2.6
2607,4.0
2609,4.0
2611,3.0
2612,4.0
2613,2.9
2614,1.0
2615,2.9
2616,2.9
2617,3.1
2618,3.4
2620,3.0
2622,3.1
2623,1.0
2624,4.2
2625,2.5
2628,3.1
2629,2.5
2630,3.5
2632,4.0
2633,3.3
2634,3.3
2639,3.1
2640,3.6
2641,3.0
2642,2.2
2643,1.7
2644,3.3
2648,3.9
2651,1.0
2652,3.0
2654,3.6
2655,2.0
2656,3.0
2657,3.3
2659,2.0
2660,3.5
2661,3.0
2662,3.2
2664,3.8
2665,1.0
2668,2.9
2669,3.5
2670,3.6
2671,3.5
2672,3.0
2674,2.2
2676,3.2
2677,4.4
2681,3.0
2682,4.0
2683,3.2
2686,4.0
2687,3.5
2688,2.9
2690,3.7
2691,3.7
2692,4.0
2693,3.4
2694,3.2
2695,2.0
2696,4.3
2697,3.5
2698,2.0
2699,2.8
2700,3.9
2701,2.2
2702,3.4
2706,3.4
2707,3.3
2708,4.0
2709,3.2
2710,2.8
2712,3.5
2713,2.7
2716,3.8
2717,3.0
2718,3.2
2719,2.1
2720,2.1
2722,2.8
2723,3.1
2724,2.8
2725,2.0
2726,4.1
2727,3.0
2728,3.6
2729,3.5
2730,3.7
2731,4.0
2732,4.5
2733,2.0
2734,3.2
2735,2.7
2736,3.6
2737,4.0
2738,4.0
2739,3.9
2740,1.0
2741,2.0
2742,1.0
2743,3.0
2744,4.0
2745,3.5
2746,3.3
2747,3.0
2748,1.8
2749,4.0
2750,3.1
2751,4.0
2752,2.8
2754,1.0
2757,3.5
2759,3.5
2761,4.1
2762,3.9
2763,3.6
2764,4.0
2765,3.5
2766,3.2
2769,3.4
2770,3.0
2771,3.2
2772,2.9
2774,3.0
2775,1.0
2779,3.3
2782,3.3
2784,3.2
2786,1.8
2787,2.4
2788,4.1
2789,2.9
2790,2.0
2791,3.9
2792,3.2
2793,2.3
2794,2.6
2795,3.7
2796,2.6
2797,3.7
2798,1.6
2799,1.3
2800,2.5
2801,4.5
2802,3.0
2803,2.9
2804,4.0
2805,3.0
2806,2.3
2807,2.6
2808,2.2
2810,4.2
2812,3.0
2813,1.0
2815,2.3
2816,1.7
2817,2.0
2818,1.0
2819,3.8
2820,4.0
2822,3.1
2824,5.0
2826,2.9
2827,2.3
2828,1.5
2829,3.1
2835,1.0
2836,3.5
2837,3.0
2839,4.0
2840,2.9
2841,3.5
2843,3.9
2844,2.7
2846,3.9
2847,3.0
2848,4.0
2851,3.2
2852,4.0
2856,3.0
2857,3.3
2858,4.1
2859,3.9
2860,2.6
2861,3.4
2862,1.0
2863,3.5
2865,4.0
2866,3.6
2867,3.6
2868,2.0
2870,3.3
2871,3.9
2872,3.6
2874,3.7
2875,3.0
2876,2.0
2877,3.0
2878,2.0
2879,3.2
2880,3.1
2881,3.0
2882,2.0
2883,3.2
2884,2.0
2885,2.0
2886,1.5
2887,1.0
2888,2.1
2889,3.8
2890,3.7
2891,4.0
2892,1.0
2893,3.0
2894,4.0
2896,3.0
2897,4.0
2898,2.0
2899,3.0
2900,2.5
2901,2.9
2902,2.5
2903,2.5
2905,4.2
2906,2.6
2907,3.6
2908,3.6
2912,3.9
2915,3.4
2916,3.7
2917,4.0
2918,3.8
2919,3.8
2921,4.2
2922,3.6
2924,4.0
2925,4.1
2926,3.3
2927,3.5
2928,3.5
2929,3.2
2930,3.5
2931,4.2
2932,3.7
2935,4.0
2936,4.0
2937,4.1
2939,0.0
2940,4.0
2941,3.8
2942,2.9
2943,4.2
2944,4.0
2946,3.4
2947,3.8
2948,3.8
2949,3.7
2950,2.5
2951,3.9
2952,3.5
2953,2.5
2956,3.2
2959,4.3
2961,2.4
2962,3.0
2964,1.0
2965,2.0
2966,3.9
2967,4.0
2968,3.7
2969,5.0
2970,3.4
2971,4.1
2972,5.0
2973,3.9
2974,2.5
2975,3.0
2976,3.4
2977,3.0
2978,3.0
2979,3.0
2982,2.0
2983,4.0
2984,4.5
2985,3.4
2986,2.6
2987,3.6
2988,4.0
2989,3.5
2990,3.3
2991,3.7
2992,3.5
2993,3.5
2995,2.4
2996,3.1
2997,4.0
3000,4.0
3002,4.0
3003,4.5
3004,2.5
3005,2.8
3006,3.7
3007,3.8
3008,4.0
3010,4.0
3011,3.2
3013,4.0
3014,2.0
3015,3.7
3016,3.1
3017,3.0
3018,3.5
3019,4.2
3020,3.5
3021,2.0
3022,4.0
3024,2.6
3028,2.5
3029,3.2
3030,4.2
3031,2.4
3032,3.7
3033,3.5
3034,3.5
3035,3.8
3036,3.8
3037,4.1
3038,4.2
3039,3.7
3040,3.2
3041,2.1
3042,2.5
3043,1.0
3044,3.8
3045,3.6
3046,4.5
3048,2.0
3051,2.5
3052,3.6
3053,3.9
3054,2.3
3055,3.3
3056,4.0
3057,4.0
3060,3.9
3061,3.6
3062,4.0
3063,2.2
3064,2.3
3066,3.9
3067,3.5
3068,4.4
3070,3.5
3071,3.5
3072,3.6
3073,5.0
3074,4.2
3075,4.2
3076,3.6
3077,4.0
3078,4.0
3079,3.1
3081,3.5
3082,3.3
3083,4.2
3086,5.0
3087,3.2
3088,3.8
3089,4.1
3090,4.2
3091,4.1
3093,3.8
3094,4.0
3095,4.1
3096,5.0
3097,3.7
3098,3.6
3099,3.1
3100,3.9
3101,3.1
3102,3.6
3103,2.8
3104,3.6
3105,3.7
3106,1.0
3107,3.3
3108,3.8
3109,3.5
3111,4.2
3112,3.0
3113,2.7
3114,3.9
3115,4.0
3117,3.9
3120,3.5
3125,4.0
3127,2.8
3129,3.7
3130,2.4
3132,2.0
3134,3.7
3135,3.7
3138,3.0
3141,1.2
3142,3.2
3143,3.0
3145,3.2
3146,2.3
3147,4.1
3148,3.8
3150,3.2
3152,4.5
3153,4.4
3155,3.7
3156,2.8
3157,2.8
3158,3.7
3159,3.8
3160,3.7
3161,3.0
3162,3.0
3163,3.9
3165,3.0
3167,3.5
3168,3.6
3169,3.3
3171,4.0
3173,3.0
3174,3.5
3175,3.6
3176,3.3
3177,3.2
3178,3.5
3179,3.3
3181,3.9
3182,4.0
3183,3.0
3185,3.3
3186,3.5
3189,3.5
3190,2.0
3192,3.0
3194,3.6
3196,3.7
3197,2.9
3198,3.9
3200,4.2
3201,4.5
3203,3.2
3204,3.7
3206,2.3
3208,2.2
3210,3.5
3211,3.8
3213,4.1
3214,3.5
3217,3.5
3219,3.2
3221,3.7
3223,3.0
3224,4.8
3225,2.0
3230,3.9
3235,3.7
3238,1.6
3240,3.2
3241,4.5
3243,2.4
3244,3.7
3246,4.2
3247,3.0
3248,1.9
3249,3.1
3250,3.2
3251,3.7
3252,3.6
3253,3.5
3254,3.3
3255,3.5
3256,3.5
3257,2.9
3258,2.9
3259,3.1
3260,4.0
3261,3.2
3262,3.4
3263,3.0
3264,2.4
3265,4.0
3266,4.5
3267,3.6
3268,1.8
3269,2.9
3270,2.8
3271,3.7
3272,3.4
3273,2.7
3274,3.4
3275,4.2
3276,1.0
3280,1.5
3281,2.0
3283,3.2
3284,3.0
3285,3.1
3286,2.3
3287,3.2
3289,4.5
3294,1.5
3295,4.0
3296,4.1
3298,3.7
3299,2.7
3300,3.6
3301,3.5
3302,4.8
3303,5.0
3306,4.1
3307,3.8
3308,2.9
3310,4.1
3313,1.5
3315,4.5
3316,2.5
3317,3.7
3323,4.0
3324,1.3
3325,2.2
3326,3.2
3327,3.7
3328,4.1
3329,4.0
3330,4.2
3331,2.0
3334,4.2
3338,0.0
3341,4.3
3342,3.5
3344,4.0
3345,3.0
3347,4.2
3350,3.8
3353,4.5
3354,2.7
3355,3.2
3357,4.0
3358,3.9
3359,4.1
3360,3.7
3361,3.7
3362,3.9
3363,3.8
3364,3.7
3365,4.1
3368,3.2
3370,2.5
3372,4.0
3374,4.0
3378,4.0
3379,4.5
3384,4.5
3385,2.8
3386,3.5
3387,2.9
3388,2.5
3389,2.0
3390,2.0
3391,2.5
3392,2.3
3393,1.3
3394,2.4
3395,3.0
3396,3.6
3397,3.5
3398,3.3
3400,3.0
3401,2.2
3402,4.0
3403,4.0
3404,3.6
3405,3.0
3406,3.0
3408,3.5
3409,2.9
3410,4.0
3412,3.4
3414,4.0
3415,4.2
3417,3.0
3418,3.5
3420,3.2
3421,3.7
3422,3.3
3423,2.2
3424,4.0
3425,3.4
3426,3.1
3428,3.0
3429,4.2
3430,3.0
3431,1.7
3432,1.5
3433,1.0
3434,1.0
3435,4.3
3436,3.8
3438,3.0
3439,2.7
3440,2.1
3441,3.4
3442,1.0
3444,2.9
3445,3.5
3446,2.8
3447,4.0
3448,3.8
3449,4.0
3450,3.3
3451,4.5
3452,3.1
3453,3.0
3454,2.2
3455,2.5
3456,0.0
3459,4.0
3461,3.0
3462,3.7
3466,3.0
3467,3.8
3468,4.3
3469,4.1
3470,4.3
3471,3.7
3473,5.0
3474,4.0
3475,4.5
3476,3.6
3477,3.4
3478,2.8
3479,3.3
3480,3.3
3481,3.7
3483,3.1
3484,2.8
3489,3.4
3492,4.0
3494,4.0
3496,5.0
3497,2.5
3498,4.0
3499,3.8
3500,3.0
3501,2.3
3502,3.5
3503,4.1
3504,4.0
3505,3.7
3506,3.0
3507,4.1
3508,4.2
3510,3.4
3511,2.2
3512,3.6
3513,3.1
3514,3.0
3515,3.6
3516,3.4
3519,2.9
3521,3.4
3524,2.8
3525,2.9
3526,3.7
3527,3.6
3528,3.4
3529,3.5
3531,5.0
3534,3.3
3535,3.8
3536,3.5
3537,3.3
3538,3.2
3539,3.2
3543,3.8
3544,2.3
3545,3.0
3546,4.5
3548,3.7
3549,3.9
3550,3.7
3551,3.5
3552,3.8
3553,2.4
3554,3.0
3555,3.4
3556,3.8
3557,2.9
3559,3.7
3563,2.5
3564,1.6
3565,3.5
3566,2.9
3567,5.0
3568,4.0
3569,4.0
3571,3.0
3572,2.0
3573,1.5
3574,1.0
3576,3.5
3577,2.0
3578,3.9
3580,3.5
3581,3.5
3584,2.0
3586,4.0
3587,2.5
3590,2.0
3591,2.7
3592,4.5
3593,1.7
3594,3.2
3596,1.0
3597,2.0
3598,3.0
3599,3.2
3604,0.5
3606,3.8
3608,2.9
3609,3.5
3614,2.9
3615,3.1
3616,3.3
3617,3.1
3618,3.5
3619,2.0
3622,3.0
3623,2.7
3624,3.2
3625,2.0
3626,3.3
3627,3.9
3628,3.0
3629,4.1
3632,4.0
3633,3.3
3634,4.0
3635,3.4
3637,5.0
3638,3.1
3639,3.6
3640,4.0
3641,4.0
3643,3.5
3646,2.2
3648,4.0
3649,2.7
3652,3.0
3653,4.2
3654,3.8
3655,4.2
3658,3.0
3660,2.0
3661,3.0
3662,3.0
3663,2.0
3664,2.0
3667,1.0
3668,3.7
3669,2.5
3671,3.9
3672,3.8
3673,4.5
3674,4.0
3675,4.2
3676,3.8
3677,4.1
3678,5.0
3679,3.8
3680,3.0
3681,4.2
3682,3.7
3683,4.0
3684,3.1
3685,3.8
3686,2.9
3687,5.0
3688,2.1
3689,1.8
3690,2.0
3691,3.0
3692,3.0
3693,2.1
3694,2.0
3695,2.0
3696,3.2
3697,2.9
3698,3.2
3699,3.2
3700,2.5
3701,3.1
3702,3.5
3703,4.0
3704,3.3
3705,2.3
3706,3.0
3707,2.7
3708,3.0
3709,2.0
3710,1.7
3711,4.0
3712,2.8
3713,4.0
3714,2.5
3715,2.8
3716,1.0
3717,3.2
3719,3.0
3720,4.0
3723,3.8
3724,3.3
3725,3.5
3726,3.6
3727,4.3
3728,3.8
3729,4.0
3730,4.2
3731,3.0
3732,3.0
3733,3.8
3735,3.8
3736,3.0
3737,4.0
3738,3.0
3739,3.5
3740,3.9
3741,4.1
3742,3.6
3743,2.0
3744,2.7
3745,3.4
3746,4.0
3747,3.5
3751,3.6
3752,3.1
3753,3.4
3754,2.2
3755,3.2
3756,4.0
3758,3.5
3760,3.5
3761,4.0
3763,3.2
3764,2.3
3765,3.0
3766,2.1
3767,1.7
3768,1.2
3769,3.3
3770,2.7
3771,4.0
3773,2.0
3774,0.8
3783,4.0
3784,2.6
3785,2.9
3786,2.6
3787,4.0
3788,3.7
3789,3.5
3790,4.0
3791,3.2
3792,5.0
3793,3.7
3794,2.5
3795,5.0
3797,2.7
3798,3.2
3799,1.6
3801,4.0
3802,2.0
3806,3.0
3807,3.0
3808,4.0
3809,3.3
3810,3.0
3811,3.9
3812,3.5
3813,4.2
3814,4.2
3816,4.0
3819,4.0
3821,2.3
3822,4.1
3823,4.0
3824,2.4
3825,2.7
3826,2.3
3827,2.9
3830,1.5
3831,3.9
3832,4.0
3833,1.5
3834,3.0
3835,2.2
3836,4.1
3837,2.5
3838,2.0
3839,1.7
3840,2.4
3841,2.8
3843,2.4
3844,3.3
3845,4.0
3846,3.6
3847,2.0
3849,4.0
3851,5.0
3852,3.4
3855,4.8
3857,4.0
3858,3.5
3859,3.8
3861,2.7
3862,3.8
3863,3.0
3864,2.1
3865,3.2
3868,3.4
3869,3.4
3870,3.0
3871,3.9
3872,3.5
3873,3.1
3877,2.2
3879,2.0
3882,2.7
3884,1.5
3888,4.0
3889,2.2
3893,3.3
3894,4.0
3895,1.5
3896,3.1
3897,3.9
3898,2.5
3899,1.0
3900,4.0
3901,3.2
3906,2.5
3908,1.5
3909,2.0
3910,4.0
3911,3.7
3912,2.5
3914,4.0
3915,3.7
3916,3.7
3917,3.4
3918,3.3
3919,2.5
3920,4.0
3922,1.0
3925,3.9
3926,3.0
3927,2.7
3928,3.8
3929,2.5
3930,2.1
3932,3.5
3933,0.5
3937,2.6
3938,2.8
3939,5.0
3940,5.0
3941,5.0
3942,5.0
3943,2.9
3945,3.0
3946,2.5
3947,3.3
3948,3.4
3949,3.9
3950,3.6
3951,5.0
3952,3.1
3953,2.1
3955,1.6
3957,2.7
3958,2.0
3959,3.6
3962,1.5
3963,3.8
3964,3.0
3965,3.5
3966,3.5
3967,3.9
3968,3.1
3969,3.4
3971,2.8
3972,4.1
3973,1.1
3974,3.0
3977,2.7
3978,3.1
3979,2.5
3980,3.4
3981,2.3
3983,4.2
3984,3.5
3985,3.2
3986,2.8
3987,2.4
3988,3.0
3989,4.0
3990,2.2
3991,2.8
3992,3.7
3993,3.0
3994,3.5
3996,3.8
3997,1.8
3998,3.0
3999,2.6
4000,3.0
4002,3.9
4003,3.3
4005,3.3
4006,3.4
4007,3.8
4008,3.5
4009,3.0
4010,2.9
4011,4.2
4012,2.5
4014,3.5
4015,2.7
4016,3.7
4017,3.5
4018,3.1
4019,3.7
4020,2.9
4021,4.3
4022,3.7
4023,3.1
4024,2.2
4025,3.1
4027,3.8
4029,3.9
4030,1.8
4031,2.5
4032,4.0
4033,3.9
4034,3.9
4035,2.8
4036,3.1
4037,3.8
4039,3.1
4040,2.3
4041,3.6
4042,3.4
4043,3.3
4046,4.0
4047,3.7
4051,0.5
4052,3.6
4053,2.5
4054,2.8
4055,4.0
4056,3.3
4061,4.0
4062,3.4
4063,2.5
4064,3.5
4065,2.5
4066,2.9
4067,3.4
4068,2.7
4069,2.9
4074,3.0
4077,4.5
4078,4.0
4079,4.2
4080,3.2
4081,1.8
4082,3.5
4083,4.0
4084,2.9
4085,3.4
4086,3.5
4089,2.0
4090,3.6
4091,3.2
4092,2.2
4093,1.5
4102,3.5
4103,4.0
4104,1.4
4105,3.8
4109,2.6
4110,3.0
4111,3.0
4113,3.0
4115,2.0
4116,5.0
4117,4.3
4121,3.1
4123,2.0
4124,1.2
4125,0.8
4126,3.5
4127,1.7
4128,3.7
4129,1.0
4130,1.8
4131,1.8
4132,2.6
4133,2.6
4135,5.0
4138,1.0
4139,3.0
4141,2.5
4142,4.2
4143,3.5
4144,4.2
4146,3.0
4147,4.0
4148,2.9
4149,2.8
4152,4.2
4153,2.4
4154,4.0
4155,3.3
4156,2.0
4157,4.5
4158,2.1
4159,2.7
4160,4.1
4161,3.3
4164,3.5
4166,2.5
4167,3.0
4168,2.8
4171,4.0
4174,3.0
4175,3.6
4178,3.5
4180,5.0
4181,2.0
4184,4.0
4187,3.8
4189,2.5
4190,4.0
4191,3.2
4193,4.0
4194,0.0
4195,3.8
4197,3.0
4198,3.0
4200,3.2
4202,3.0
4203,3.2
4204,1.0
4205,3.2
4207,2.0
4210,3.9
4211,3.8
4212,3.0
4214,2.9
4215,2.1
4217,4.2
4218,3.5
4219,3.3
4220,3.4
4221,2.6
4223,3.5
4224,2.8
4225,4.0
4226,4.1
4228,2.1
4229,2.1
4231,3.5
4232,2.9
4233,2.0
4234,3.2
4235,3.9
4236,3.5
4237,4.0
4238,3.1
4239,3.8
4240,2.0
4241,2.1
4242,2.0
4243,4.0
4246,3.6
4247,2.4
4248,1.8
4251,2.0
4252,3.2
4254,2.2
4255,2.2
4256,3.7
4259,3.5
4260,2.0
4262,3.9
4263,4.0
4265,3.0
4267,3.4
4268,2.5
4270,3.1
4273,4.5
4275,2.9
4276,2.5
4278,4.2
4280,3.6
4282,3.5
4284,3.0
4285,2.8
4289,2.8
4290,2.0
4291,2.7
4292,3.5
4293,2.5
4294,4.0
4296,3.0
4297,3.8
4298,4.8
4299,3.3
4300,4.0
4304,3.6
4305,1.6
4306,3.9
4307,4.5
4308,3.6
4310,3.0
4312,3.5
4313,3.5
4316,2.0
4317,2.5
4321,3.4
4322,3.8
4323,4.0
4325,4.0
4326,3.6
4327,3.6
4329,3.7
4333,3.2
4334,4.6
4337,3.5
4338,4.5
4339,3.8
4340,2.1
4342,4.5
4343,3.0
4344,3.1
4345,4.0
4347,3.8
4349,3.8
4350,4.2
4351,3.2
4353,3.0
4354,2.5
4355,2.0
4356,3.8
4357,4.5
4359,3.4
4361,3.4
4366,3.3
4367,2.9
4368,2.4
4369,3.1
4370,3.3
4371,0.5
4372,3.4
4373,3.2
4374,4.5
4378,3.7
4380,3.9
4381,3.4
4383,3.5
4384,3.0
4386,2.8
4387,3.8
4388,2.7
4389,3.6
4390,3.5
4392,3.0
4393,4.5
4394,1.5
4395,4.0
4396,2.8
4397,2.5
4399,3.8
4402,5.0
4403,3.0
4404,4.0
4406,4.4
4407,4.5
4408,3.5
4409,3.3
4410,4.0
4412,0.8
4419,4.2
4420,3.0
4422,4.0
4424,3.7
4426,4.0
4427,3.7
4428,3.2
4429,4.5
4432,4.1
4433,4.2
4434,4.0
4436,3.0
4437,3.9
4438,3.8
4439,3.6
4440,3.8
4441,4.2
4442,2.7
4443,2.8
4444,4.2
4445,4.0
4446,3.4
4447,3.2
4448,3.5
4449,2.0
4450,3.6
4451,3.5
4452,2.7
4453,3.5
4454,5.0
4458,4.0
4459,4.0
4462,1.5
4463,2.0
4464,3.6
4465,3.7
4466,2.5
4467,3.8
4470,3.0
4471,1.5
4473,3.0
4474,2.9
4475,4.0
4476,2.3
4477,1.9
4478,3.5
4480,2.8
4482,3.2
4483,1.5
4484,3.8
4487,3.0
4488,3.3
4489,3.5
4490,2.0
4492,3.0
4495,5.0
4496,3.5
4497,3.0
4498,3.0
4499,4.1
4500,4.0
4502,1.6
4504,1.5
4505,3.0
4506,3.2
4508,3.5
4509,2.9
4511,2.0
4516,3.0
4517,1.8
4518,3.8
4519,3.3
4520,2.3
4521,3.0
4522,1.0
4523,3.5
4524,3.0
4526,3.1
4527,2.5
4529,3.9
4531,2.7
4533,3.8
4534,2.5
4535,3.4
4537,4.3
4541,3.5
4544,2.9
4545,3.3
4546,3.9
4552,3.5
4553,3.7
4557,3.0
4558,2.5
4562,4.0
4563,1.8
4564,2.8
4565,2.5
4568,2.5
4571,3.7
4572,3.0
4573,2.0
4574,3.2
4577,3.8
4578,2.5
4580,0.5
4581,4.0
4583,4.0
4584,2.0
4585,3.4
4587,2.2
4589,2.0
4591,3.0
4593,2.2
4594,3.0
4595,3.5
4597,2.0
4599,2.5
4600,3.2
4602,3.0
4603,2.5
4605,3.6
4608,2.2
4610,2.0
4611,4.0
4612,4.5
4613,2.0
4614,2.5
4615,4.0
4616,3.5
4617,3.5
4619,2.2
4621,2.4
4622,2.5
4623,3.6
4624,3.0
4625,2.0
4626,3.5
4628,3.1
4629,1.8
4630,1.0
4632,3.0
4634,4.0
4635,1.0
4636,2.3
4638,2.8
4639,2.6
4640,3.8
4641,3.5
4642,4.2
4643,2.7
4644,3.7
4645,4.5
4646,1.5
4649,3.6
4653,3.0
4654,2.8
4658,3.5
4660,4.0
4661,3.0
4662,3.2
4663,2.8
4666,3.0
4670,2.5
4671,3.5
4672,2.8
4673,1.7
4675,1.0
4676,1.9
4677,3.0
4678,3.4
4679,2.9
4681,3.6
4683,3.2
4686,1.6
4687,3.5
4688,3.3
4689,3.5
4690,3.2
4695,4.0
4697,2.6
4699,2.8
4700,3.0
4701,3.4
4703,3.4
4704,3.0
4705,3.0
4708,4.5
4709,2.8
4710,3.5
4711,4.0
4713,3.6
4714,2.0
4715,3.0
4717,4.0
4718,3.1
4719,2.6
4720,3.6
4721,2.1
4722,3.0
4723,1.8
4725,3.6
4727,3.1
4728,3.1
4732,1.9
4733,2.5
4734,3.2
4735,2.6
4736,2.7
4738,4.0
4740,3.5
4741,3.7
4743,3.2
4744,2.5
4745,3.6
4748,2.1
4749,1.2
4750,0.5
4754,3.9
4756,1.5
4757,2.5
4759,4.0
4765,4.3
4766,4.0
4769,3.0
4770,2.8
4771,2.7
4772,3.5
4773,3.0
4774,2.2
4775,0.5
4776,3.8
4777,2.5
4780,2.0
4782,2.5
4783,3.5
4784,3.0
4785,4.0
4786,1.0
4787,3.4
4788,5.0
4789,4.3
4792,3.1
4794,3.0
4795,3.7
4796,3.2
4798,3.5
4799,3.2
4800,2.5
4801,4.0
4802,3.0
4803,3.6
4804,3.5
4808,2.4
4809,4.2
4810,2.0
4811,3.0
4812,2.2
4813,5.0
4814,2.5
4815,2.9
4816,3.5
4818,2.0
4821,3.1
4822,2.5
4823,3.1
4825,3.0
4826,4.2
4827,3.0
4828,3.5
4830,4.0
4831,3.0
4833,3.3
4835,3.5
4836,3.8
4840,4.0
4844,2.7
4845,1.3
4846,3.5
4847,3.0
4848,3.8
4849,3.3
4850,3.4
4852,1.7
4855,3.8
4857,3.8
4860,2.0
4862,1.7
4863,3.2
4864,2.5
4865,3.6
4866,2.8
4867,3.1
4871,3.5
4873,3.7
4874,3.5
4876,2.5
4877,3.5
4878,4.0
4879,3.0
4880,3.9
4881,3.7
4883,4.0
4885,2.0
4886,3.9
4887,2.8
4888,3.9
4889,3.4
4890,3.0
4893,2.5
4896,3.8
4898,2.6
4899,2.2
4900,3.0
4901,3.5
4902,3.4
4903,3.0
4909,2.0
4911,3.5
4912,3.8
4914,3.9
4915,2.8
4916,3.3
4917,4.0
4919,3.5
4920,3.7
4921,4.0
4925,3.0
4926,2.0
4927,3.0
4928,3.1
4929,2.4
4932,1.0
4936,3.3
4939,3.0
4941,3.2
4942,4.5
4945,4.0
4946,4.0
4947,3.5
4951,3.4
4952,2.0
4953,2.5
4954,3.6
4956,4.5
4957,3.5
4958,3.2
4959,3.2
4961,2.5
4962,2.0
4963,3.8
4964,3.5
4965,3.5
4966,3.0
4967,4.2
4969,3.6
4970,4.0
4971,3.1
4973,4.2
4974,2.6
4975,3.4
4976,3.9
4977,3.5
4978,3.8
4979,3.7
4980,3.1
4981,4.0
4985,1.5
4987,2.0
4988,2.0
4989,2.9
4990,3.2
4991,3.3
4992,3.2
4993,4.1
4994,3.5
4995,4.0
4998,3.5
5004,3.5
5007,2.5
5008,4.4
5009,3.0
5010,3.8
5011,3.8
5012,4.0
5013,3.7
5014,3.8
5015,3.3
5016,3.0
5021,2.8
5023,4.0
5025,2.6
5026,3.8
5027,3.0
5028,2.0
5033,2.5
5034,3.7
5039,4.1
5040,3.1
5041,1.5
5046,3.0
5047,3.2
5048,2.3
5049,3.6
5051,3.0
5053,1.5
5054,3.5
5055,2.8
5059,5.0
5060,3.9
5062,3.5
5063,3.0
5064,3.8
5065,3.1
5066,3.5
5068,4.0
5069,3.2
5071,4.0
5072,4.0
5073,3.8
5074,3.2
5075,3.7
5076,2.5
5077,3.0
5080,2.6
5081,2.8
5083,3.5
5088,5.0
5092,3.0
5093,2.8
5094,1.8
5095,4.5
5096,1.2
5099,2.5
5102,2.5
5103,3.4
5105,0.5
5106,2.1
5107,3.1
5108,2.9
5109,4.0
5110,3.6
5111,1.5
5112,3.0
5113,2.8
5114,4.0
5116,3.5
5120,4.2
5121,4.0
5127,3.5
5128,2.4
5131,3.2
5134,3.0
5135,3.8
5136,2.5
5137,3.8
5139,3.3
5146,3.1
5147,3.8
5151,3.0
5152,3.3
5155,4.5
5156,2.5
5159,3.1
5165,4.0
5168,3.0
5170,2.5
5171,2.9
5177,3.5
5178,4.0
5181,4.5
5187,4.0
5189,1.5
5197,2.0
5198,3.5
5202,3.2
5205,2.8
5209,2.0
5212,3.0
5213,1.5
5214,2.5
5218,3.7
5219,3.1
5220,2.4
5221,3.0
5222,3.4
5224,4.2
5225,4.0
5226,2.2
5231,3.5
5237,4.0
5238,3.5
5239,4.0
5240,4.0
5241,5.0
5244,5.0
5246,2.1
5247,2.7
5248,1.4
5250,4.0
5254,3.2
5255,2.4
5256,2.8
5258,2.0
5264,2.2
5265,3.3
5266,3.0
5267,3.3
5268,2.5
5269,4.0
5272,3.0
5275,1.5
5278,1.0
5279,4.2
5282,3.2
5283,2.9
5284,2.5
5285,4.0
5288,4.5
5291,3.9
5292,3.9
5293,3.3
5294,3.9
5296,2.9
5297,2.5
5298,3.5
5299,3.3
5300,4.0
5303,3.4
5304,4.0
5307,3.0
5308,2.8
5309,2.6
5311,3.0
5312,2.9
5313,2.3
5316,3.1
5319,3.5
5321,2.0
5322,4.0
5323,1.2
5324,2.8
5325,3.8
5328,5.0
5329,3.4
5333,3.3
5334,1.5
5337,2.8
5338,2.0
5339,3.9
5341,3.8
5345,3.0
5346,1.8
5347,2.5
5348,4.0
5349,3.5
5353,3.0
5356,0.5
5357,3.5
5358,3.0
5361,1.8
5363,2.5
5364,3.5
5365,4.0
5372,3.5
5373,4.0
5375,3.0
5377,3.7
5378,3.2
5379,4.2
5380,3.9
5382,3.0
5384,3.0
5385,4.5
5387,4.0
5388,3.3
5389,3.5
5390,3.0
5391,4.0
5397,2.5
5398,4.0
5400,3.0
5401,1.8
5404,4.5
5409,3.8
5410,2.4
5414,2.9
5415,3.1
5416,5.0
5417,3.8
5418,3.8
5419,2.9
5420,2.9
5421,3.5
5422,4.0
5423,3.0
5424,3.0
5425,4.2
5427,2.5
5428,1.1
5433,2.7
5434,3.8
5435,3.0
5437,3.0
5438,2.8
5440,3.0
5442,2.0
5443,1.5
5444,3.8
5445,3.6
5446,3.6
5447,3.5
5448,2.0
5449,2.9
5450,3.2
5451,3.0
5452,1.6
5454,2.2
5455,1.5
5456,2.0
5458,2.5
5459,3.0
5460,3.7
5461,2.5
5462,2.5
5463,2.7
5464,3.5
5465,3.0
5466,4.0
5468,5.0
5470,4.3
5471,1.8
5472,3.5
5475,3.8
5476,2.0
5477,3.9
5478,2.8
5479,3.5
5480,2.6
5481,2.8
5483,3.8
5485,3.3
5486,2.5
5489,4.0
5490,5.0
5493,4.0
5497,3.5
5498,4.5
5499,3.2
5500,4.2
5501,1.9
5502,3.2
5503,4.0
5504,2.2
5505,3.2
5506,3.3
5507,2.8
5508,3.6
5512,3.2
5513,5.0
5515,3.5
5521,3.2
5522,3.5
5523,2.3
5524,2.7
5525,3.5
5527,3.5
5528,3.5
5529,3.2
5530,2.1
5531,2.8
5532,4.0
5537,5.0
5538,1.5
5539,1.5
5540,3.6
5541,3.1
5543,2.2
5544,3.8
5548,3.0
5550,3.5
5553,3.0
5556,1.5
5560,1.0
5562,2.5
5563,2.8
5564,2.0
5568,2.9
5569,3.2
5570,3.9
5572,2.7
5573,2.3
5574,3.5
5575,2.0
5577,3.7
5580,3.5
5581,2.0
5582,2.7
5584,3.5
5585,2.1
5588,3.5
5589,3.0
5590,2.5
5591,1.0
5596,1.5
5597,1.8
5601,4.0
5602,3.5
5603,4.5
5604,3.5
5607,5.0
5608,3.9
5609,2.5
5610,2.0
5611,2.8
5612,2.0
5613,3.8
5614,4.5
5615,3.5
5617,3.9
5618,4.2
5619,4.0
5620,3.1
5621,2.5
5625,3.5
5628,3.5
5629,2.0
5630,3.4
5632,3.6
5633,3.8
5635,3.0
5636,2.5
5637,4.5
5638,2.0
5640,3.0
5643,3.5
5644,3.5
5646,4.0
5649,3.0
5650,3.5
5651,3.0
5657,4.5
5663,3.5
5664,1.5
5665,2.5
5666,3.6
5667,3.2
5668,2.5
5669,3.8
5670,3.0
5672,0.5
5673,3.6
5675,1.0
5678,2.7
5679,3.2
5680,3.2
5682,3.2
5684,3.0
5685,4.2
5688,2.8
5689,2.0
5690,4.2
5693,3.3
5694,2.2
5696,2.3
5699,4.0
5700,0.5
5704,2.0
5706,2.0
5707,3.2
5710,2.8
5712,3.6
5720,2.5
5721,0.0
5723,5.0
5733,4.0
5735,1.8
5736,1.5
5741,4.0
5742,4.0
5745,5.0
5746,5.0
5747,4.3
5749,3.0
5752,3.0
5755,2.0
5764,4.5
5767,3.5
5768,3.0
5771,0.5
5772,4.8
5773,3.0
5779,2.0
5780,3.0
5782,3.9
5784,2.5
5785,3.5
5786,4.5
5787,2.5
5788,3.7
5791,3.8
5792,3.7
5796,2.5
5797,2.0
5799,3.5
5801,2.5
5802,4.0
5803,2.5
5804,2.3
5809,3.4
5810,3.3
5812,3.9
5816,3.6
5817,4.5
5818,4.5
5820,3.5
5826,3.5
5828,2.5
5829,4.0
5833,4.7
5836,2.0
5838,4.0
5839,4.0
5840,4.0
5841,1.7
5843,2.5
5847,3.5
5849,4.5
5853,3.2
5856,4.0
5863,1.0
5867,4.5
5872,2.9
5873,3.9
5874,2.4
5875,2.5
5876,3.9
5878,4.0
5879,1.5
5880,1.8
5881,3.1
5882,3.6
5883,1.5
5884,1.0
5888,5.0
5889,5.0
5890,4.5
5891,2.6
5893,3.2
5896,4.0
5899,4.0
5900,2.6
5901,4.5
5902,3.9
5903,3.9
5909,3.3
5912,4.5
5915,4.8
5919,4.5
5922,2.5
5925,2.0
5927,3.0
5929,3.0
5932,3.8
5938,4.5
5941,2.9
5942,2.8
5943,2.6
5944,3.1
5945,3.2
5947,3.0
5949,4.2
5951,3.2
5952,4.0
5953,4.0
5954,3.8
5955,3.6
5956,3.5
5957,3.3
5959,3.3
5961,1.5
5962,1.0
5963,3.5
5965,4.2
5968,4.0
5969,2.5
5970,3.2
5971,4.0
5974,3.0
5975,3.5
5979,3.0
5980,3.5
5984,3.5
5986,4.0
5988,2.6
5989,3.9
5990,3.5
5991,3.7
5992,3.7
5993,2.9
5994,4.0
5995,4.1
5999,2.2
6001,4.1
6002,3.3
6003,3.6
6005,3.0
6006,2.8
6009,3.0
6012,2.5
6013,1.8
6014,2.5
6016,4.1
6020,3.5
6021,5.0
6022,2.5
6023,3.5
6025,2.9
6027,4.2
6030,2.0
6031,3.5
6033,3.0
6035,3.2
6036,3.0
6039,2.4
6040,2.1
6041,3.8
6042,3.0
6044,2.0
6049,4.0
6051,4.2
6055,2.2
6057,2.0
6058,3.0
6059,3.4
6060,3.0
6062,3.1
6063,3.3
6064,4.0
6067,4.0
6070,4.0
6078,2.8
6086,5.0
6090,3.5
6093,3.4
6095,3.5
6100,4.0
6101,4.0
6104,4.2
6107,4.0
6111,3.5
6116,2.5
6119,4.0
6122,4.0
6123,4.0
6124,2.8
6125,3.5
6140,2.2
6141,3.0
6143,3.0
6145,2.0
6148,2.8
6153,1.5
6155,3.3
6156,3.2
6157,2.5
6158,3.0
6159,4.2
6162,3.2
6163,4.5
6166,1.8
6169,2.5
6170,3.5
6178,4.0
6181,4.0
6182,3.0
6183,3.8
6184,4.2
6185,3.0
6186,3.0
6187,3.8
6188,3.5
6192,5.0
6193,3.8
6195,4.0
6196,3.5
6197,3.3
6201,5.0
6202,3.5
6203,1.5
6204,2.5
6210,3.0
6212,1.9
6213,2.6
6214,3.9
6215,3.0
6216,3.8
6217,3.0
6218,3.3
6219,3.0
6220,2.5
6222,3.0
6223,3.2
6225,3.0
6228,4.0
6232,4.0
6234,3.5
6235,4.3
6237,4.0
6238,2.8
6239,2.8
6241,4.0
6242,3.5
6244,3.5
6245,3.5
6246,4.0
6249,2.4
6250,2.6
6251,2.0
6252,2.4
6254,4.8
6263,3.8
6264,2.4
6265,2.2
6266,3.1
6267,2.0
6268,3.8
6269,4.2
6270,4.3
6271,2.0
6273,3.5
6279,4.0
6280,2.2
6281,3.1
6283,3.9
6285,4.0
6286,3.9
6287,3.1
6288,3.9
6289,3.5
6290,2.7
6291,3.5
6294,2.4
6295,2.0
6296,3.8
6297,3.4
6298,2.7
6299,3.5
6300,4.5
6301,4.0
6302,1.0
6303,3.6
6305,3.6
6306,4.2
6308,2.6
6310,2.5
6313,2.5
6314,2.0
6315,1.8
6316,2.0
6319,2.2
6320,1.5
6322,2.8
6323,3.7
6324,2.5
6327,3.5
6329,3.0
6330,3.0
6331,3.9
6332,3.0
6333,3.7
6334,3.5
6335,3.8
6336,3.0
6337,3.5
6338,2.3
6339,3.9
6341,3.2
6342,2.0
6344,3.5
6345,4.7
6347,1.0
6348,1.7
6349,2.0
6350,4.1
6357,3.0
6358,3.5
6365,3.4
6367,2.9
6368,4.0
6370,4.0
6371,0.5
6373,3.3
6374,2.2
6375,4.0
6376,3.5
6377,4.0
6378,3.6
6379,3.0
6380,3.9
6382,3.0
6383,2.6
6385,3.8
6386,4.0
6387,3.7
6390,3.5
6395,3.5
6400,3.5
6402,5.0
6405,3.2
6407,2.0
6408,5.0
6410,3.8
6412,3.8
6415,4.0
6417,4.0
6422,4.0
6424,1.0
6425,1.5
6427,4.0
6428,3.0
6429,4.0
6433,3.3
6434,3.0
6436,3.3
6440,4.0
6442,5.0
6448,4.0
6449,3.0
6452,4.0
6453,3.5
6454,3.5
6460,4.9
6461,3.8
6464,2.0
6465,3.0
6466,3.5
6476,3.0
6477,3.0
6480,3.0
6482,2.0
6483,0.8
6484,2.9
6493,2.0
6502,4.0
6503,2.4
6506,3.5
6509,4.0
6510,3.0
6514,0.5
6515,4.5
6516,3.5
6517,2.2
6523,2.5
6527,3.0
6528,2.0
6530,4.2
6533,4.5
6534,2.6
6535,2.4
6536,3.7
6537,3.0
6538,3.6
6539,3.8
6541,2.6
6542,3.5
6545,4.5
6547,2.2
6548,2.9
6549,3.5
6550,3.0
6551,4.0
6552,3.6
6553,4.0
6554,1.2
6557,0.5
6558,2.3
6559,2.5
6560,2.0
6561,3.0
6563,2.5
6564,2.6
6565,3.7
6566,2.0
6567,3.5
6568,3.2
6571,4.0
6572,3.5
6573,4.0
6574,1.0
6577,3.5
6578,3.5
6579,4.0
6581,2.5
6582,2.3
6583,4.0
6584,3.2
6586,3.1
6587,1.5
6588,4.0
6591,4.3
6592,4.0
6593,3.2
6595,3.3
6596,3.5
6597,3.0
6598,3.5
6603,2.5
6604,4.0
6609,3.5
6611,5.0
6612,4.2
6614,2.7
6615,2.3
6616,2.8
6617,3.9
6618,3.8
6619,2.9
6620,3.8
6624,1.9
6625,2.5
6628,2.0
6629,3.5
6631,1.5
6636,3.8
6638,2.2
6639,3.4
6643,2.6
6644,4.0
6645,3.8
6650,3.3
6654,3.5
6656,4.0
6658,3.4
6659,3.4
6660,3.5
6662,3.5
6663,3.4
6664,3.5
6665,4.5
6666,4.3
6667,3.5
6668,0.0
6669,3.4
6670,2.2
6671,4.0
6678,3.5
6679,4.0
6684,4.0
6686,2.7
6687,2.0
6688,3.5
6689,4.0
6691,2.5
6692,2.0
6695,1.9
6696,2.5
6699,3.0
6702,2.3
6705,2.5
6706,3.5
6707,2.9
6708,3.7
6709,3.2
6710,3.6
6711,4.0
6713,3.8
6715,3.5
6718,2.5
6720,2.5
6721,3.4
6722,2.5
6723,3.0
6724,3.6
6731,3.6
6732,3.8
6734,2.0
6744,2.2
6746,2.0
6748,3.0
6750,2.8
6751,2.5
6752,3.5
6753,3.5
6754,3.5
6755,3.3
6760,3.0
6763,2.4
6764,3.1
6765,3.3
6768,4.0
6769,3.0
6770,3.5
6772,3.0
6773,3.7
6774,3.7
6775,4.0
6776,4.2
6777,3.6
6780,3.2
6782,4.0
6783,3.5
6785,3.8
6786,3.9
6787,4.0
6788,2.0
6789,4.0
6790,3.5
6791,4.4
6793,1.8
6794,1.5
6796,3.7
6797,3.0
6798,2.8
6800,2.3
6803,3.5
6804,2.0
6807,4.0
6808,4.0
6809,3.0
6810,2.5
6811,2.5
6812,2.2
6814,3.0
6816,4.0
6817,3.0
6818,5.0
6820,4.0
6821,3.0
6827,0.8
6832,3.6
6835,5.0
6836,3.5
6837,3.0
6849,0.0
6850,2.3
6851,2.8
6852,3.6
6853,1.0
6856,4.0
6857,3.8
6858,3.8
6860,2.0
6862,3.5
6863,3.4
6867,3.6
6868,3.4
6869,3.8
6870,3.7
6872,1.1
6873,3.2
6874,4.0
6879,3.4
6880,1.9
6881,3.1
6882,2.5
6883,3.0
6884,3.0
6885,2.8
6886,3.5
6887,4.1
6888,2.3
6889,3.0
6890,3.6
6893,3.9
6898,3.3
6899,3.5
6902,4.0
6909,3.2
6911,3.5
6912,3.5
6918,3.8
6920,3.5
6927,4.0
6932,3.5
6934,3.2
6935,4.0
6936,3.7
6938,4.0
6939,4.0
6942,3.8
6944,3.5
6945,4.2
6946,2.8
6947,3.6
6948,4.0
6949,3.5
6950,3.7
6951,2.1
6952,3.1
6953,3.3
6954,4.0
6957,3.4
6958,2.5
6959,2.0
6961,4.0
6962,3.5
6963,4.2
6965,3.5
6966,3.8
6967,0.5
6969,4.5
6970,3.8
6971,4.0
6973,2.5
6974,3.0
6975,3.2
6978,3.2
6979,3.3
6981,3.8
6982,3.5
6983,5.0
6984,4.0
6985,3.9
6986,3.0
6987,3.9
6989,3.5
6990,3.5
6992,2.8
6993,3.8
6994,3.2
6996,1.9
6997,3.0
6998,2.0
6999,2.2
7000,3.0
7001,3.8
7004,2.9
7005,1.5
7007,3.5
7008,4.5
7009,3.3
7010,3.5
7012,3.0
7013,4.0
7015,3.2
7016,1.5
7017,3.5
7018,3.9
7019,2.8
7020,0.0
7022,3.9
7023,4.5
7024,3.7
7025,3.8
7026,2.4
7027,3.2
7028,3.6
7030,2.8
7031,4.0
7032,4.0
7033,3.1
7034,3.8
7036,3.1
7037,4.5
7038,4.0
7040,2.5
7041,2.5
7044,3.8
7045,3.2
7046,2.5
7047,2.5
7048,3.4
7049,3.0
7050,3.8
7051,3.5
7052,3.0
7053,4.0
7054,3.5
7055,4.0
7056,4.2
7057,3.5
7058,3.5
7059,3.8
7060,4.0
7061,4.0
7062,4.0
7063,4.0
7064,3.2
7065,2.0
7067,3.2
7069,3.5
7070,4.0
7071,5.0
7072,3.5
7073,2.5
7074,3.5
7075,3.5
7076,3.9
7078,3.8
7079,3.5
7080,4.0
7082,3.8
7083,3.0
7084,3.8
7085,3.2
7086,3.5
7087,4.0
7088,4.0
7089,4.0
7090,3.9
7091,4.0
7092,3.5
7093,3.8
7096,5.0
7099,4.0
7101,3.0
7102,2.5
7103,3.5
7104,2.7
7107,2.8
7108,3.2
7109,3.0
7114,0.5
7115,2.6
7116,3.1
7117,2.3
7118,3.8
7121,4.8
7122,5.0
7123,3.4
7124,3.2
7125,2.0
7127,3.5
7131,3.0
7132,4.1
7134,4.0
7137,3.5
7139,3.9
7141,4.0
7142,3.0
7143,3.9
7147,3.8
7149,3.6
7150,2.8
7151,3.4
7153,4.1
7154,2.8
7155,2.6
7156,4.3
7158,3.8
7160,3.5
7161,1.9
7162,3.3
7163,2.9
7164,3.1
7165,3.0
7167,3.0
7169,3.9
7171,3.5
7173,3.0
7175,2.2
7176,3.5
7177,3.5
7178,3.0
7179,2.5
7181,3.5
7184,4.5
7190,3.5
7191,2.0
7192,3.0
7193,3.0
7202,3.0
7205,3.0
7206,3.8
7208,3.8
7209,3.5
7211,3.5
7212,4.2
7215,3.5
7216,4.2
7217,4.0
7218,4.5
7219,4.0
7222,3.2
7223,2.5
7225,3.7
7228,2.5
7234,4.2
7235,3.4
7236,4.0
7238,4.0
7243,3.5
7245,1.0
7247,3.5
7248,3.5
7251,4.0
7254,3.6
7255,2.8
7256,4.0
7257,2.0
7258,2.8
7259,2.1
7260,3.5
7261,2.2
7262,2.0
7263,3.4
7264,4.0
7265,3.7
7266,4.0
7282,1.0
7285,3.6
7292,2.5
7293,3.6
7294,3.2
7297,3.7
7299,3.7
7301,3.5
7302,3.5
7303,4.0
7304,4.0
7305,2.5
7306,3.0
7307,3.0
7308,2.5
7310,3.3
7311,3.7
7312,0.5
7315,2.0
7316,2.4
7317,3.1
7318,2.6
7319,2.1
7320,3.4
7321,2.8
7323,3.8
7324,3.3
7325,3.3
7326,3.5
7327,3.8
7328,3.5
7333,4.2
7335,4.0
7336,3.5
7340,2.8
7344,3.5
7345,4.0
7346,3.1
7347,3.3
7348,3.5
7349,3.0
7352,4.0
7354,3.3
7357,3.5
7360,3.9
7361,4.2
7362,3.2
7364,4.0
7366,2.9
7367,2.6
7368,3.5
7369,2.2
7371,4.0
7372,3.0
7373,3.4
7375,3.1
7376,3.0
7377,3.5
7379,3.5
7380,3.4
7381,3.1
7382,4.2
7386,3.8
7387,4.0
7390,1.5
7394,2.5
7395,2.8
7396,4.0
7411,1.5
7414,2.5
7419,3.8
7438,3.9
7439,3.5
7440,3.2
7443,3.5
7444,3.2
7445,3.6
7448,2.8
7449,2.5
7450,2.8
7451,3.8
7454,2.7
7455,3.0
7457,3.5
7458,3.4
7459,4.5
7460,3.6
7477,2.5
7479,4.0
7481,4.0
7482,4.0
7486,4.8
7487,4.0
7492,4.0
7493,4.0
7541,3.2
7560,4.0
7561,3.5
7562,2.5
7564,2.5
7566,4.0
7569,3.8
7570,3.3
7572,4.5
7573,3.1
7579,3.7
7581,3.2
7584,4.0
7587,4.0
7614,4.5
7615,4.5
7616,2.5
7618,3.5
7619,3.7
7620,4.0
7624,2.8
7636,0.5
7646,3.0
7647,3.8
7649,2.8
7650,2.0
7657,3.8
7669,3.6
7698,3.7
7700,3.3
7701,1.8
7702,3.5
7704,2.0
7705,4.0
7706,4.1
7707,2.0
7708,2.0
7713,4.0
7714,4.0
7716,3.5
7720,2.8
7727,3.0
7728,3.7
7730,3.0
7742,0.5
7743,3.5
7745,4.0
7748,3.9
7749,4.0
7753,3.5
7756,4.0
7757,3.5
7762,3.6
7766,4.0
7767,4.8
7772,3.5
7773,4.0
7781,1.5
7782,3.0
7786,3.5
7789,4.0
7792,0.0
7802,3.9
7810,3.3
7811,4.0
7812,3.7
7815,5.0
7820,3.8
7822,3.0
7826,3.5
7831,3.5
7832,3.5
7833,3.5
7834,2.8
7835,3.5
7839,3.5
7840,3.2
7841,3.8
7842,4.4
7843,4.5
7844,3.5
7845,2.7
7846,3.0
7879,3.5
7882,3.0
7883,2.0
7884,3.2
7888,4.2
7889,3.8
7891,3.0
7894,3.5
7895,3.5
7896,3.5
7899,4.5
7900,3.0
7916,3.5
7920,3.5
7924,3.5
7925,4.2
7926,4.0
7930,3.8
7932,3.7
7934,4.0
7936,4.0
7937,3.5
7938,3.5
7939,4.5
7940,4.5
7943,4.0
7944,3.0
7951,2.0
7976,4.5
7979,3.5
7980,3.8
7981,4.3
7982,3.2
7983,4.2
7984,4.0
7986,1.0
7987,2.5
7988,2.0
7991,3.7
7993,2.5
8008,4.0
8010,4.0
8011,4.0
8012,3.7
8014,4.2
8015,3.5
8016,4.0
8019,4.0
8024,3.5
8025,4.5
8033,3.7
8035,2.0
8042,4.0
8043,1.5
8044,3.7
8045,2.0
8057,3.0
8092,3.0
8093,3.5
8094,3.5
8117,4.0
8118,4.0
8119,3.0
8121,2.0
8125,4.0
8126,3.5
8128,4.1
8131,3.5
8132,4.3
8136,0.5
8137,0.5
8138,2.2
8142,4.2
8143,3.5
8147,4.0
8153,2.5
8154,3.8
8157,3.5
8158,4.0
8167,4.0
8169,3.3
8183,3.2
8188,3.5
8189,3.0
8190,4.0
8191,4.0
8195,4.0
8196,3.5
8197,4.0
8199,2.5
8207,4.1
8225,4.0
8228,3.6
8232,3.5
8235,4.0
8236,0.5
8238,5.0
8239,4.0
8241,4.0
8253,3.4
8254,4.2
8261,4.2
8264,3.5
8266,2.7
8268,4.2
8270,3.8
8275,3.5
8290,0.8
8293,3.5
8302,3.5
8327,4.2
8331,4.0
8335,3.5
8336,3.5
8337,4.0
8338,4.0
8340,3.8
8341,3.8
8360,3.6
8361,3.0
8362,2.8
8363,3.8
8364,3.4
8366,3.9
8368,3.9
8369,2.7
8370,4.0
8371,3.3
8372,2.3
8373,2.2
8375,2.5
8376,3.3
8378,4.0
8379,3.0
8380,2.5
8382,2.5
8383,1.0
8385,3.0
8387,0.8
8391,3.0
8402,2.0
8405,4.5
8410,3.5
8424,4.0
8425,2.0
8426,4.0
8427,1.5
8446,2.5
8447,1.0
8450,3.0
8451,3.2
8454,3.5
8456,4.0
8458,3.5
8459,3.5
8461,3.5
8462,3.0
8463,4.0
8464,3.5
8465,3.5
8477,4.5
8481,3.0
8482,2.0
8484,4.5
8487,3.5
8491,3.7
8492,3.2
8493,3.1
8494,0.5
8495,2.5
8500,2.5
8501,3.6
8502,3.0
8506,2.2
8507,3.2
8511,4.5
8512,3.5
8518,3.5
8521,2.0
8526,2.5
8528,3.6
8529,3.3
8530,3.8
8531,2.8
8532,2.5
8533,3.6
8534,3.5
8535,4.0
8542,4.0
8571,3.5
8574,1.5
8575,3.0
8577,4.0
8578,3.2
8580,5.0
8581,4.0
8582,4.2
8587,3.5
8588,4.0
8591,3.5
8593,4.0
8596,3.2
8600,3.8
8601,4.0
8604,3.2
8605,3.2
8607,3.9
8609,3.2
8610,2.5
8611,3.5
8614,3.0
8617,3.0
8620,1.5
8622,3.5
8623,3.3
8626,1.5
8632,0.5
8633,3.6
8636,3.8
8638,3.7
8640,3.0
8641,3.8
8643,3.3
8644,3.5
8645,3.9
8650,3.5
8656,3.8
8665,3.8
8666,1.3
8667,3.5
8670,4.0
8677,1.2
8684,3.5
8685,3.5
8690,4.0
8695,3.0
8711,3.0
8712,3.0
8713,3.0
8714,2.5
8718,3.5
8720,2.0
8724,4.2
8727,2.0
8730,4.0
8738,5.0
8743,3.0
8748,4.0
8753,3.5
8754,4.0
8755,3.0
8765,0.0
8771,3.0
8772,0.5
8773,3.0
8774,3.5
8778,3.8
8781,3.0
8782,2.8
8783,3.2
8784,3.7
8795,4.5
8796,3.1
8798,3.8
8799,2.2
8800,4.5
8804,5.0
8807,3.5
8808,2.5
8809,3.2
8810,2.8
8813,4.0
8814,2.0
8815,2.5
8827,4.0
8830,1.8
8831,3.5
8832,3.2
8833,3.5
8835,2.3
8836,3.3
8838,4.2
8840,1.0
8844,3.0
8848,3.5
8860,2.9
8861,2.9
8864,2.7
8865,2.6
8866,3.1
8869,3.3
8870,2.5
8873,3.8
8874,4.0
8875,4.0
8879,3.2
8880,3.4
8894,1.5
8905,2.5
8906,2.7
8907,2.3
8908,3.7
8910,3.5
8911,5.0
8912,1.8
8914,3.8
8915,3.5
8916,3.0
8917,3.5
8918,3.0
8919,4.2
8920,3.5
8921,3.5
8928,3.7
8933,4.0
8934,1.0
8937,3.6
8938,4.0
8939,3.7
8943,1.8
8946,2.8
8947,2.3
8948,2.3
8949,3.7
8950,4.0
8951,3.0
8952,3.5
8954,4.0
8955,3.0
8957,3.2
8958,3.7
8959,2.5
8961,3.8
8964,3.0
8965,3.1
8966,3.1
8967,1.8
8968,3.6
8969,3.0
8970,3.6
8972,3.3
8973,3.8
8974,3.0
8977,2.2
8978,2.5
8979,4.0
8981,3.7
8982,3.0
8983,3.5
8984,3.3
8985,2.9
8987,3.0
8989,3.5
8998,4.0
9004,2.0
9005,2.0
9008,2.5
9010,4.1
9018,4.3
25746,3.0
25750,3.0
25752,4.0
25753,4.0
25757,4.0
25769,4.5
25771,4.5
25773,4.0
25782,0.5
25788,3.8
25795,3.5
25797,3.5
25805,4.5
25825,3.4
25826,3.5
25827,3.5
25833,4.0
25834,4.0
25841,4.2
25850,3.0
25855,0.0
25856,3.2
25865,4.0
25870,3.5
25886,4.0
25887,5.0
25898,4.0
25905,3.5
25906,5.0
25923,3.5
25927,3.0
25937,3.3
25940,3.5
25946,3.5
25947,5.0
25952,4.0
25959,2.5
25962,3.0
25963,4.0
25996,3.5
25999,3.5
26002,3.5
26003,4.5
26038,4.0
26048,4.5
26052,2.8
26059,4.5
26073,5.0
26078,5.0
26082,4.5
26084,3.9
26085,0.0
26095,0.5
26116,4.5
26122,4.5
26124,2.0
26131,4.3
26133,4.0
26142,2.0
26147,5.0
26150,4.5
26151,3.5
26152,3.0
26158,4.0
26159,3.8
26169,5.0
26171,3.2
26172,3.0
26176,2.5
26183,4.2
26184,3.5
26195,3.0
26198,2.8
26225,4.5
26231,4.0
26236,4.0
26237,4.0
26242,3.2
26249,3.8
26258,3.9
26265,4.5
26283,3.0
26285,2.5
26303,4.0
26308,4.0
26313,4.0
26317,3.5
26322,3.1
26326,4.5
26340,3.7
26344,3.0
26347,4.0
26350,5.0
26357,4.0
26359,4.5
26365,2.5
26366,5.0
26375,3.7
26386,3.5
26391,2.5
26394,4.0
26399,3.5
26401,5.0
26409,2.8
26413,3.2
26422,3.2
26429,4.0
26444,4.0
26453,4.0
26464,3.0
26467,3.0
26471,4.4
26472,3.5
26492,3.0
26498,3.0
26504,3.2
26510,2.2
26523,3.5
26524,4.5
26527,4.0
26528,4.5
26539,3.0
26542,3.0
26547,4.2
26554,4.2
26555,2.8
26562,3.0
26564,3.5
26567,2.0
26578,4.2
26585,3.8
26587,5.0
26590,2.0
26593,2.0
26599,4.0
26603,4.5
26606,4.2
26612,4.0
26614,3.4
26622,3.0
26629,2.0
26630,3.0
26631,3.8
26645,4.0
26649,3.8
26662,4.1
26676,2.5
26680,3.8
26681,4.0
26686,1.5
26693,4.0
26694,3.5
26695,3.5
26696,0.5
26700,2.2
26701,3.0
26704,4.0
26712,4.0
26713,4.5
26717,0.5
26726,2.5
26729,3.8
26732,4.0
26736,4.5
26741,1.5
26743,2.5
26745,2.5
26750,3.2
26761,3.0
26764,1.2
26765,2.8
26776,3.9
26777,4.0
26778,3.0
26782,2.0
26791,1.5
26792,1.5
26796,3.5
26797,3.0
26810,4.8
26812,2.8
26819,2.5
26828,1.5
26838,3.0
26840,5.0
26849,5.0
26854,2.5
26861,3.5
26865,3.4
26870,2.7
26871,2.2
26875,4.0
26887,3.0
26900,3.0
26901,2.5
26903,3.8
26913,1.5
26928,5.0
26940,2.5
26947,2.5
26958,3.5
26965,3.5
26974,3.2
26985,4.5
26999,3.0
27002,3.5
27003,3.0
27006,3.5
27008,1.0
27020,3.4
27022,4.0
27032,3.5
27036,3.0
27074,1.5
27075,3.0
27105,2.5
27124,2.0
27134,4.0
27140,3.0
27155,2.0
27156,4.3
27176,4.5
27178,4.0
27186,4.0
27193,3.9
27246,4.0
27251,2.8
27255,3.5
27266,4.1
27306,1.5
27311,3.5
27317,3.8
27320,5.0
27328,4.5
27329,4.0
27368,4.0
27369,4.0
27370,4.5
27373,5.0
27397,4.2
27408,3.3
27416,3.8
27420,2.0
27426,2.5
27434,1.5
27441,3.2
27450,2.5
27473,2.5
27478,3.0
27480,4.5
27482,3.8
27491,3.0
27513,3.0
27523,5.0
27537,3.5
27539,2.5
27549,1.5
27555,3.8
27563,4.3
27584,3.5
27592,3.8
27595,0.5
27604,3.1
27611,3.8
27618,2.8
27619,4.5
27627,4.5
27644,3.5
27660,3.7
27664,3.2
27667,3.0
27674,3.8
27683,2.0
27685,1.8
27689,2.5
27692,3.5
27695,3.0
27704,5.0
27705,1.5
27706,3.2
27708,4.0
27716,4.5
27721,3.7
27722,4.2
27728,2.2
27731,3.8
27741,3.8
27744,4.5
27746,3.0
27751,5.0
27762,2.5
27768,3.8
27769,3.0
27772,2.6
27773,4.1
27776,4.5
27778,3.0
27784,1.5
27788,3.0
27790,3.5
27793,1.5
27801,4.0
27802,3.0
27803,4.0
27808,3.4
27815,3.9
27816,2.5
27820,4.0
27821,3.2
27822,2.7
27826,4.0
27829,3.5
27830,2.5
27831,3.8
27834,4.3
27837,2.9
27838,3.8
27839,2.3
27846,3.9
27850,3.8
27865,2.8
27866,3.5
27869,4.5
27873,3.2
27878,3.9
27879,4.1
27882,4.0
27899,2.8
27904,3.6
27905,3.5
27912,3.3
30707,3.8
30745,4.8
30749,3.8
30793,3.0
30803,4.5
30810,3.5
30812,3.5
30816,3.2
30818,2.0
30820,3.8
30822,3.5
30825,3.1
30846,3.5
30848,3.2
30850,3.8
30883,1.5
30890,3.0
30892,0.0
30894,2.5
30898,3.2
30994,4.0
31000,2.5
31030,4.0
31038,4.0
31049,2.5
31083,2.0
31086,3.5
31101,3.5
31114,3.0
31116,3.8
31123,2.5
31150,2.0
31162,3.0
31184,3.8
31193,3.5
31221,2.0
31223,2.0
31225,3.1
31260,3.5
31297,3.5
31309,3.5
31364,4.7
31367,2.0
31410,3.9
31420,3.2
31422,0.5
31424,0.5
31427,2.3
31431,2.0
31433,3.1
31435,4.5
31437,4.2
31445,2.2
31522,5.0
31545,4.0
31553,1.0
31590,3.0
31610,4.0
31617,3.0
31658,4.1
31660,3.0
31664,3.5
31685,3.2
31692,0.5
31694,3.2
31696,3.5
31698,1.0
31700,3.2
31702,4.0
31737,3.5
31804,3.2
31851,3.0
31867,3.0
31878,3.6
31903,4.0
31909,4.0
31921,2.5
31923,4.0
31925,4.0
31952,3.5
31973,3.5
32009,2.7
32011,2.2
32017,2.7
32019,2.4
32022,3.7
32029,3.0
32031,3.0
32058,2.0
32060,3.0
32116,2.5
32139,4.0
32160,0.0
32179,4.0
32213,2.7
32234,4.0
32243,3.5
32289,3.4
32291,3.1
32294,3.5
32296,2.2
32298,2.3
32300,2.8
32302,4.0
32314,3.5
32371,0.0
32387,4.2
32392,2.5
32440,2.0
32442,2.5
32456,4.2
32460,4.2
32469,4.5
32511,4.5
32515,2.5
32554,3.8
32582,4.8
32584,3.1
32587,3.9
32589,2.0
32596,3.1
32598,2.9
32600,3.5
32620,3.5
32632,3.5
32649,4.0
32657,4.2
32659,2.5
32666,1.0
32728,4.0
32743,3.0
32770,4.2
32799,3.5
32862,4.0
32875,3.0
32892,2.8
32898,3.5
32906,3.5
32914,3.0
32917,4.0
33004,3.4
33085,2.2
33090,4.0
33124,3.5
33126,2.5
33132,1.5
33138,5.0
33145,3.0
33148,2.5
33154,4.0
33158,2.0
33162,3.5
33164,1.8
33166,3.9
33171,2.0
33188,2.5
33201,4.5
33237,4.0
33294,2.5
33310,4.5
33312,3.5
33421,3.7
33435,3.5
33437,3.4
33493,3.4
33495,2.6
33499,2.5
33558,3.0
33564,4.5
33615,3.4
33629,2.5
33639,3.3
33644,2.5
33646,3.1
33649,5.0
33660,4.1
33669,3.1
33672,3.0
33677,3.5
33679,3.3
33681,1.8
33683,3.8
33725,3.2
33779,4.5
33781,3.0
33794,3.9
33801,3.0
33815,3.0
33826,2.5
33830,3.2
33834,3.1
33836,2.3
33838,3.5
33880,3.8
33893,4.5
33896,3.3
33903,4.0
33966,1.5
34018,3.0
34048,3.1
34072,3.6
34129,3.0
34143,2.0
34148,3.0
34150,2.8
34153,3.8
34162,3.5
34164,3.5
34271,3.8
34292,1.5
34312,5.0
34319,3.4
34321,3.0
34323,3.7
34326,3.0
34330,3.0
34332,2.9
34334,2.5
34336,2.0
34338,3.4
34359,4.0
34397,3.0
34405,3.9
34437,3.5
34450,4.5
34482,0.0
34520,2.1
34523,2.0
34528,3.7
34530,2.8
34532,3.0
34534,3.6
34536,3.2
34540,3.0
34542,3.7
34800,1.5
34811,2.5
35015,3.5
35347,1.0
35807,4.0
35836,3.5
35957,3.4
36276,2.5
36289,4.0
36363,3.8
36397,1.5
36401,2.6
36477,4.0
36509,2.7
36517,3.5
36519,3.2
36525,2.7
36527,3.6
36529,3.7
36533,2.2
36535,3.8
36537,3.3
36708,3.7
36850,3.8
36931,3.5
37211,3.0
37240,3.5
37380,2.1
37382,2.9
37384,3.3
37386,2.8
37444,4.0
37475,3.0
37477,2.5
37495,3.5
37545,3.2
37720,2.9
37727,2.9
37729,3.5
37731,3.7
37733,3.5
37736,3.5
37739,3.3
37741,3.9
37830,3.5
37844,2.0
37853,2.5
37857,3.6
38038,3.6
38061,4.1
38095,4.2
38159,4.5
38164,4.0
38198,4.0
38294,2.5
38304,4.6
38388,4.2
38583,2.5
38798,3.1
38886,3.4
38992,3.5
39183,3.6
39231,3.5
39234,3.5
39292,3.8
39307,2.5
39381,3.6
39400,2.1
39414,3.0
39427,3.0
39435,2.9
39444,3.4
39446,2.8
39449,2.6
39516,4.5
39715,2.1
39801,2.8
39869,4.1
40148,3.4
40278,3.7
40339,2.3
40412,4.8
40414,3.7
40478,2.5
40491,5.0
40578,3.0
40581,2.9
40583,3.5
40597,2.0
40614,3.2
40617,3.0
40629,3.6
40697,2.2
40723,3.2
40732,3.5
40815,3.8
40819,3.8
40826,3.1
40851,3.4
40870,3.5
40946,2.0
40955,3.9
40959,3.7
40962,3.3
40966,3.5
41014,4.0
41285,3.4
41527,4.0
41566,3.4
41569,3.4
41571,3.6
41573,2.9
41617,2.8
41627,3.5
41712,4.0
41716,3.2
41724,4.5
41769,2.5
41828,4.5
41863,4.0
41997,3.8
42002,3.4
42004,3.5
42007,2.8
42009,1.9
42011,2.2
42013,2.8
42015,3.0
42018,2.0
42176,4.0
42191,3.8
42285,3.0
42418,3.2
42422,4.5
42556,5.0
42559,3.0
42602,3.5
42632,4.0
42638,2.5
42718,3.8
42723,2.9
42725,2.6
42728,3.6
42730,3.8
42732,3.5
42734,3.2
42738,3.1
42740,3.5
42761,4.5
42943,2.5
42946,4.0
43289,4.0
43333,3.5
43376,4.6
43396,3.8
43419,1.0
43460,3.3
43549,3.5
43556,2.8
43558,2.0
43560,3.2
43677,2.0
43679,2.8
43684,4.5
43708,3.2
43744,3.5
43836,2.9
43869,3.5
43871,2.8
43904,1.3
43908,3.0
43912,2.0
43914,4.0
43917,3.0
43919,0.8
43921,3.3
43928,1.9
43930,3.0
43932,1.8
43936,3.0
44004,3.2
44020,2.8
44022,3.2
44189,4.0
44191,3.9
44193,3.8
44195,4.0
44197,3.0
44199,3.8
44204,3.2
44225,2.0
44238,2.5
44241,2.0
44243,0.5
44301,3.5
44397,3.1
44399,1.2
44511,3.5
44555,4.1
44597,4.0
44613,3.8
44633,4.5
44657,3.0
44665,3.9
44694,3.8
44709,3.8
44719,2.5
44731,1.3
44759,2.2
44761,3.9
44773,3.0
44777,4.5
44788,3.5
44828,3.0
44840,2.8
44849,2.5
44851,5.0
44864,3.2
44889,4.8
44929,4.2
44931,4.5
44937,4.0
44943,5.0
44972,2.2
44974,3.5
45028,3.7
45062,2.8
45074,2.5
45081,3.0
45106,3.0
45175,3.8
45183,3.0
45186,3.6
45208,2.0
45210,4.1
45221,2.6
45361,1.5
45382,3.2
45431,3.4
45440,3.3
45442,2.9
45447,3.1
45499,3.4
45501,2.6
45503,5.0
45517,3.4
45635,3.0
45648,2.5
45658,2.0
45662,2.3
45666,2.5
45668,3.1
45672,3.0
45720,3.6
45722,3.5
45726,2.2
45728,3.9
45730,2.8
45732,1.6
45880,3.2
45928,3.7
45950,3.6
45969,2.5
46062,2.0
46105,4.5
46231,2.0
46322,3.1
46335,2.1
46337,2.2
46347,4.0
46367,2.0
46530,3.1
46559,3.5
46572,3.5
46574,2.5
46578,3.9
46664,2.5
46723,3.5
46772,2.5
46850,4.0
46855,4.5
46862,3.5
46865,1.0
46948,3.1
46965,2.6
46967,3.4
46970,3.2
46972,3.2
46974,2.7
46976,3.7
47044,2.8
47099,3.8
47122,2.7
47124,3.2
47200,3.4
47202,4.0
47254,3.5
47261,2.8
47382,3.5
47384,2.5
47404,4.2
47423,4.0
47446,3.5
47465,3.0
47491,4.2
47516,2.0
47518,2.9
47538,2.5
47566,4.0
47610,3.8
47629,3.7
47640,3.5
47644,3.0
47646,4.0
47721,3.5
47725,3.5
47736,5.0
47774,3.0
47793,2.5
47810,1.0
47894,3.8
47937,3.0
47950,3.2
47952,3.0
47970,3.8
47978,2.5
47997,3.7
47999,4.1
48001,4.0
48032,4.0
48043,3.5
48045,4.0
48082,3.9
48142,3.2
48150,3.0
48161,3.0
48214,3.5
48262,4.0
48304,3.6
48319,2.0
48322,3.6
48326,3.0
48342,4.0
48385,3.3
48394,3.8
48412,3.0
48414,3.0
48416,2.5
48516,4.3
48518,2.5
48520,2.8
48560,2.5
48593,2.5
48596,2.8
48598,3.8
48638,3.5
48649,4.5
48678,2.8
48696,3.9
48698,4.5
48738,4.0
48741,4.0
48744,4.0
48774,3.9
48780,4.0
48783,3.5
48872,4.5
48877,3.0
48879,3.2
48883,3.2
48982,3.5
48997,3.2
49013,2.8
49110,2.0
49130,3.7
49132,3.0
49220,2.4
49263,3.0
49265,4.0
49272,3.9
49274,2.7
49276,1.3
49278,3.3
49280,3.8
49284,2.7
49286,3.2
49314,3.0
49347,3.8
49389,2.5
49396,3.4
49524,3.5
49530,3.8
49647,3.3
49649,2.3
49651,3.3
49666,3.0
49688,4.0
49735,3.5
49772,4.0
49793,3.8
49822,3.1
49824,3.1
49910,3.8
49917,4.0
49932,3.7
49957,3.0
49961,3.8
50003,2.0
50005,2.5
50064,3.0
50068,3.7
50147,2.0
50158,2.5
50160,3.8
50189,1.2
50274,3.5
50354,3.0
50356,3.0
50440,2.0
50442,3.1
50445,2.5
50514,3.5
50601,2.8
50610,4.0
50613,4.5
50658,4.0
50685,3.8
50740,3.8
50792,2.2
50794,3.1
50796,2.0
50798,1.1
50800,2.5
50802,3.0
50804,3.5
50806,1.0
50842,4.5
50851,4.5
50872,3.9
50912,2.9
50923,2.2
50942,3.5
50954,1.0
50999,5.0
51024,3.2
51037,3.0
51077,2.2
51080,3.6
51082,2.0
51084,3.1
51086,2.9
51088,3.0
51091,3.5
51167,4.5
51174,3.5
51255,4.0
51314,4.5
51357,4.0
51412,2.8
51471,3.0
51498,3.2
51540,3.7
51545,2.5
51562,4.0
51573,3.0
51575,2.3
51662,3.7
51666,2.0
51694,3.5
51698,3.0
51705,4.2
51709,4.0
51834,2.9
51884,3.7
51903,2.5
51925,3.5
51927,3.2
51931,4.1
51933,2.5
51935,3.9
51937,2.5
51939,3.1
52042,2.5
52241,3.2
52245,3.1
52279,1.5
52281,3.4
52283,2.5
52287,3.5
52299,3.5
52319,3.6
52328,3.6
52375,3.5
52435,3.6
52458,3.1
52462,3.0
52579,3.2
52604,3.7
52644,3.8
52668,4.0
52694,2.9
52712,2.3
52715,2.0
52722,3.0
52724,3.0
52730,1.5
52767,4.0
52784,4.0
52831,3.5
52867,4.0
52885,3.8
52950,2.5
52952,4.0
52967,3.6
52973,3.7
52975,3.5
53000,3.6
53022,3.8
53024,3.9
53121,3.0
53123,3.9
53125,3.4
53127,2.9
53129,4.0
53138,3.5
53140,3.8
53143,2.0
53161,3.0
53280,5.0
53318,3.2
53322,3.5
53326,2.0
53355,5.0
53435,2.0
53447,4.0
53450,1.5
53453,0.5
53460,3.5
53464,2.6
53466,2.8
53468,3.3
53519,3.1
53550,3.3
53574,4.0
53578,5.0
53808,2.0
53883,4.5
53894,3.7
53921,3.5
53953,3.2
53956,3.2
53972,3.4
53974,2.3
53993,2.5
53996,3.3
54001,3.9
54004,3.5
54116,3.2
54121,3.0
54185,3.8
54190,4.0
54256,3.1
54259,3.6
54272,3.6
54274,0.5
54276,3.2
54281,3.5
54286,3.7
54354,4.0
54372,3.8
54503,3.9
54617,3.5
54648,2.7
54686,3.0
54732,2.8
54734,2.5
54736,3.8
54745,3.2
54768,0.5
54771,3.0
54780,3.2
54785,3.2
54787,3.5
54796,3.5
54881,3.9
54908,2.0
54910,4.0
54934,0.5
54962,2.5
54995,3.8
54997,4.1
54999,3.5
55020,4.5
55036,2.5
55052,3.5
55061,1.0
55067,3.5
55069,4.0
55071,4.0
55080,3.2
55094,3.5
55110,3.0
55112,4.0
55116,2.7
55118,4.0
55156,4.0
55167,4.6
55190,3.0
55205,2.5
55207,3.0
55232,3.0
55241,2.7
55245,3.2
55247,3.9
55250,2.7
55253,3.8
55259,1.0
55261,2.5
55267,3.4
55269,3.4
55272,3.8
55274,2.8
55276,3.9
55278,4.2
55280,3.6
55282,3.2
55290,3.5
55292,0.8
55294,2.5
55363,4.1
55391,4.5
55442,4.2
55444,4.2
55451,3.5
55492,4.0
55553,2.3
55555,3.5
55577,3.2
55620,3.2
55687,4.5
55721,4.3
55729,3.0
55765,3.9
55768,3.1
55805,3.0
55814,4.1
55820,3.9
55830,3.4
55844,3.5
55854,3.0
55872,3.5
55908,4.2
55946,4.0
55995,2.6
56003,3.0
56012,2.8
56022,2.0
56060,4.5
56145,3.4
56152,3.7
56156,3.3
56169,4.0
56171,3.1
56174,3.5
56176,1.5
56251,3.9
56274,3.0
56286,3.5
56333,3.5
56336,3.0
56339,3.9
56367,3.8
56379,3.0
56389,4.0
56563,3.2
56587,3.2
56607,3.3
56620,3.0
56715,4.0
56757,3.7
56775,3.0
56782,4.1
56788,3.4
56801,2.6
56805,3.3
56837,3.0
56869,4.0
56908,4.0
56915,4.0
56921,3.8
56941,3.1
56949,3.3
57147,4.0
57183,4.5
57243,3.5
57274,4.1
57326,0.5
57368,3.4
57421,4.0
57499,3.0
57502,4.0
57504,4.1
57522,3.5
57526,3.0
57528,3.3
57532,2.5
57536,3.2
57637,3.5
57640,3.8
57669,4.2
57772,3.8
57843,4.5
57910,2.0
57951,2.3
58025,3.0
58047,3.4
58078,3.0
58103,3.4
58105,3.4
58107,3.2
58154,3.8
58156,2.9
58162,3.0
58191,4.0
58287,1.0
58291,4.5
58293,2.7
58295,3.6
58297,4.0
58299,3.4
58301,4.4
58303,3.3
58306,2.5
58309,4.5
58315,2.1
58332,2.8
58347,3.5
58351,4.0
58376,3.8
58404,2.8
58425,4.2
58492,3.0
58554,3.5
58559,4.2
58627,3.5
58655,3.5
58783,2.5
58803,3.8
58806,2.8
58826,2.5
58839,2.4
58842,4.5
58870,3.5
58876,3.2
58879,3.5
58964,4.0
58972,3.0
58975,3.5
58998,3.8
59014,2.0
59016,2.5
59018,4.5
59022,3.3
59026,4.0
59037,3.2
59103,3.8
59118,3.5
59126,3.8
59129,2.0
59131,3.5
59141,4.7
59143,4.2
59220,3.5
59258,3.1
59295,1.0
59306,0.8
59315,3.8
59333,2.9
59336,3.0
59369,3.6
59387,4.0
59421,2.8
59429,2.8
59440,3.5
59501,3.5
59549,4.0
59604,3.8
59615,2.8
59667,4.0
59725,2.4
59727,3.2
59731,3.5
59738,3.0
59784,3.4
59810,3.5
59814,5.0
59900,2.9
59915,3.5
59947,2.0
59985,4.0
59995,4.0
60030,4.5
60037,3.0
60040,3.2
60046,3.5
60069,4.1
60072,3.2
60074,3.0
60126,3.5
60128,2.2
60141,2.5
60161,3.5
60289,3.0
60291,3.8
60293,4.0
60303,4.0
60333,4.5
60363,0.5
60365,1.5
60389,4.0
60397,3.0
60408,4.5
60471,3.5
60487,3.8
60514,2.5
60516,3.5
60522,2.2
60538,3.5
60647,2.5
60674,2.5
60684,4.0
60735,2.5
60737,5.0
60753,3.5
60756,3.6
60760,2.9
60766,3.7
60803,2.5
60818,4.0
60832,4.0
60857,3.0
60885,3.5
60894,3.0
60904,4.0
60937,2.6
60941,2.9
60943,4.5
60950,3.1
60979,3.5
61011,2.0
61024,3.7
61026,4.0
61071,2.5
61073,2.0
61123,2.0
61132,3.5
61160,2.4
61167,4.0
61210,3.5
61236,3.0
61240,3.9
61246,2.0
61248,3.2
61250,2.5
61255,2.8
61257,4.0
61262,1.5
61289,3.3
61319,3.5
61323,3.5
61348,0.8
61350,2.3
61352,3.4
61394,4.0
61401,2.5
61406,4.0
61465,3.2
61628,2.0
61692,3.0
61697,3.0
61705,3.0
61729,2.0
61818,0.5
61986,3.0
62008,3.0
62081,3.1
62113,2.8
62155,3.4
62208,4.5
62250,3.7
62293,3.5
62299,3.5
62336,4.3
62344,2.8
62374,3.8
62376,2.8
62383,3.8
62394,2.2
62434,3.5
62437,2.5
62439,4.0
62511,3.1
62553,4.0
62586,2.0
62644,3.6
62662,3.0
62718,2.5
62792,3.0
62799,3.0
62834,4.0
62836,4.0
62849,3.8
62956,3.4
62970,2.2
62999,3.7
63033,3.5
63062,3.4
63072,3.9
63082,3.8
63113,3.5
63131,3.6
63179,3.5
63222,3.2
63239,3.0
63276,4.0
63312,2.0
63393,1.0
63433,3.5
63436,3.2
63479,3.6
63515,4.0
63540,2.1
63768,3.0
63808,2.8
63826,4.0
63853,3.2
63859,3.4
63876,3.5
63992,2.4
64010,3.5
64030,2.7
64032,2.8
64034,3.4
64114,1.0
64116,3.5
64167,3.3
64197,4.8
64231,3.0
64249,2.5
64278,3.5
64285,3.7
64497,2.8
64499,5.0
64501,5.0
64575,3.4
64614,3.9
64620,3.9
64622,3.2
64695,4.0
64716,4.1
64839,3.7
64957,3.6
64969,3.6
64983,3.4
64993,3.5
64997,3.0
65037,3.5
65088,3.4
65126,3.5
65130,3.7
65133,3.5
65135,3.0
65188,3.9
65193,3.0
65216,3.9
65225,4.5
65230,3.1
65261,4.0
65350,0.5
65359,3.0
65514,4.0
65577,3.0
65585,3.5
65588,2.5
65596,4.0
65601,2.0
65631,4.0
65642,4.2
65651,2.0
65682,3.6
65685,3.5
65738,4.0
65740,4.0
65802,2.7
65810,3.0
65882,3.5
65982,3.3
66090,4.0
66097,3.7
66171,3.0
66198,3.0
66203,2.8
66240,3.5
66297,3.5
66310,3.5
66320,4.0
66335,2.5
66371,4.1
66427,3.0
66509,3.5
66511,4.2
66544,4.0
66665,3.5
66744,4.0
66783,3.0
66785,3.8
66798,2.8
66915,2.0
66934,3.9
66943,4.2
67087,3.5
67168,3.5
67186,2.5
67193,2.5
67197,2.8
67255,3.9
67267,3.4
67295,2.9
67361,2.0
67408,3.2
67508,4.0
67534,2.8
67618,5.0
67665,3.8
67695,2.6
67734,3.3
67788,3.5
67799,0.5
67888,4.5
67923,3.2
67997,4.3
68073,3.4
68135,3.5
68157,4.1
68159,4.0
68194,4.2
68205,2.9
68237,4.0
68269,4.2
68319,2.9
68347,4.0
68358,3.9
68444,3.5
68480,1.5
68486,4.0
68522,3.5
68536,4.0
68552,2.0
68554,3.3
68597,4.0
68600,2.0
68650,2.0
68659,2.9
68791,3.2
68793,3.1
68835,3.5
68848,4.3
68872,4.0
68886,4.0
68932,3.5
68945,4.0
68952,3.8
68954,4.0
68959,2.8
69069,3.6
69118,1.5
69122,3.6
69131,2.5
69134,3.8
69140,4.0
69211,5.0
69224,4.0
69227,1.0
69251,3.5
69275,4.2
69278,3.2
69304,4.0
69306,3.2
69394,4.5
69406,3.5
69436,2.8
69453,1.5
69469,5.0
69481,4.1
69495,3.5
69516,2.8
69524,4.3
69526,2.4
69529,4.5
69604,3.0
69606,2.5
69640,3.1
69644,2.6
69654,3.5
69685,1.0
69712,4.0
69720,4.5
69746,3.5
69757,3.7
69784,3.6
69805,3.8
69844,3.9
69849,3.2
69860,5.0
69904,2.5
69951,3.8
69953,3.5
69988,2.5
70015,1.5
70159,3.0
70183,3.7
70206,3.5
70208,4.0
70286,3.8
70293,3.0
70301,3.5
70305,3.5
70334,3.5
70336,2.6
70361,3.0
70451,5.0
70492,3.5
70521,3.7
70533,3.8
70545,2.0
70565,3.6
70599,3.9
70637,4.0
70641,2.8
70663,2.5
70687,2.8
70697,3.5
70703,2.0
70708,4.5
70728,3.8
70862,3.8
70932,2.0
70946,3.5
70984,3.0
70990,2.5
70994,3.0
71033,3.9
71057,3.6
71106,3.6
71108,4.5
71129,3.5
71131,4.5
71135,3.4
71147,3.0
71156,3.4
71160,3.0
71205,1.0
71211,3.7
71248,2.0
71252,2.7
71254,3.4
71264,3.5
71268,5.0
71282,3.7
71302,4.5
71304,4.0
71327,3.5
71341,3.0
71379,3.4
71429,3.0
71438,1.0
71453,4.0
71462,4.2
71464,3.2
71466,4.0
71468,3.5
71484,2.5
71494,3.5
71500,2.5
71518,3.1
71520,2.3
71530,3.0
71535,3.9
71550,1.0
71579,3.8
71619,4.0
71640,3.5
71668,3.3
71732,2.5
71745,2.7
71810,0.5
71823,3.5
71838,3.1
71867,3.0
71899,4.2
71902,3.5
71910,2.5
71970,4.0
71999,4.5
72011,3.7
72104,4.5
72129,3.5
72142,5.0
72165,2.0
72167,3.4
72171,3.5
72178,4.5
72224,2.2
72226,4.1
72294,3.0
72308,4.2
72330,3.5
72356,4.4
72378,2.6
72395,3.5
72405,2.2
72407,2.7
72424,0.5
72479,3.5
72489,4.2
72554,4.5
72591,3.5
72601,3.0
72603,3.0
72605,3.5
72624,3.5
72641,3.7
72692,5.0
72694,2.0
72696,0.5
72701,3.0
72714,4.0
72720,3.8
72731,3.2
72733,3.9
72737,3.8
72874,1.0
72919,3.0
72921,3.5
72982,4.0
72998,3.6
73015,2.8
73017,3.9
73023,4.1
73042,2.7
73106,2.2
73160,2.5
73211,3.8
73266,3.0
73268,3.4
73290,3.5
73319,2.4
73321,3.3
73323,4.2
73344,4.2
73386,1.5
73431,2.5
73488,2.0
73499,3.5
73501,3.5
73515,3.5
73569,3.8
73676,3.0
73681,3.0
73741,3.0
73804,4.0
73808,3.0
73822,5.0
73854,3.8
73858,1.5
73876,4.0
73881,4.8
73929,2.8
74075,1.0
74089,3.5
74095,2.5
74154,2.5
74226,5.0
74228,4.0
74275,1.5
74282,4.8
74324,4.4
74342,4.5
74370,4.0
74450,2.7
74452,2.2
74458,4.0
74508,3.3
74510,4.2
74530,2.4
74532,2.5
74545,3.8
74553,4.0
74580,2.0
74624,4.0
74647,1.0
74668,3.8
74677,4.0
74683,4.0
74685,3.4
74688,3.5
74696,3.0
74698,2.2
74727,4.8
74750,3.7
74754,3.7
74789,2.9
74791,3.8
74795,3.5
74851,2.5
74868,3.0
74916,2.3
74946,3.2
74948,4.0
75341,4.0
75389,3.0
75395,3.2
75416,1.5
75446,2.5
75803,1.5
75805,2.8
75813,3.2
75816,2.0
75947,2.0
75985,3.5
76030,0.5
76054,4.0
76060,3.5
76077,3.3
76091,5.0
76093,3.9
76143,4.5
76173,3.8
76175,2.3
76251,3.7
76293,3.3
76301,4.5
76738,3.5
76743,3.5
76751,3.0
76763,3.5
77177,4.0
77191,3.2
77201,2.5
77206,3.5
77233,3.5
77266,3.5
77364,3.0
77414,3.5
77421,2.5
77427,0.5
77455,4.0
77561,3.5
77667,3.0
77688,4.5
77709,2.5
77795,3.5
77798,1.2
77800,4.0
77841,2.0
77846,5.0
77866,3.2
77881,3.5
77893,4.0
77931,4.0
78034,3.5
78039,2.8
78041,2.2
78088,3.5
78103,2.5
78105,2.9
78116,3.5
78142,4.5
78160,3.5
78174,1.0
78209,3.5
78218,3.0
78264,3.0
78266,3.5
78316,2.8
78349,3.8
78467,1.9
78469,3.1
78499,4.1
78544,3.0
78574,3.4
78620,4.5
78626,3.5
78637,3.6
78703,3.8
78746,4.0
78772,2.5
78836,5.0
78893,1.9
78959,3.0
79006,4.5
79008,4.0
79057,3.3
79073,4.0
79091,3.7
79132,4.1
79134,3.5
79139,3.5
79185,3.4
79224,2.5
79242,2.9
79251,2.2
79259,2.5
79274,3.7
79293,3.0
79299,3.0
79333,4.0
79357,4.1
79428,3.3
79501,4.0
79536,3.0
79553,3.0
79572,2.5
79590,2.5
79592,3.3
79677,3.5
79684,4.0
79695,3.1
79702,3.7
79798,3.5
79868,2.5
79879,2.2
79895,2.5
79897,5.0
79946,3.5
80083,4.0
80094,4.0
80124,5.0
80126,2.6
80139,4.2
80162,2.5
80166,2.7
80219,3.2
80241,3.2
80363,3.1
80454,2.5
80463,3.9
80478,4.0
80489,4.0
80549,3.8
80551,3.5
80553,3.5
80572,4.0
80584,4.0
80586,3.8
80590,3.2
80615,4.0
80693,3.2
80727,3.2
80748,4.0
80831,3.9
80834,3.5
80839,2.5
80846,3.2
80858,3.5
80860,3.0
80862,3.7
80864,3.5
80880,3.2
80906,4.3
80917,3.5
80969,4.0
81018,3.0
81087,4.5
81132,3.8
81156,3.9
81158,3.2
81191,4.0
81229,3.5
81257,3.5
81383,2.5
81417,3.7
81456,3.0
81512,4.0
81520,4.0
81535,4.5
81537,3.1
81562,3.8
81564,3.6
81591,3.6
81681,2.0
81782,3.4
81784,2.7
81786,4.0
81788,3.9
81791,3.0
81819,4.2
81831,4.0
81834,4.0
81845,4.0
81847,3.9
81910,4.0
81932,3.8
81949,3.0
82041,4.2
82053,4.0
82088,3.0
82093,1.5
82095,0.5
82152,3.5
82167,2.8
82169,3.9
82202,2.7
82242,4.2
82366,4.5
82378,3.8
82459,3.8
82461,3.2
82499,2.7
82527,4.0
82534,2.5
82641,3.0
82667,3.9
82684,0.5
82744,5.0
82765,3.5
82767,3.5
82848,3.5
82852,1.8
82854,1.8
82857,4.5
83086,2.5
83132,3.5
83134,3.9
83177,1.2
83270,2.0
83349,3.0
83369,4.0
83374,3.5
83480,3.5
83601,0.5
83613,3.0
83796,2.5
83803,4.1
83827,4.2
83910,2.5
83969,5.0
83976,4.0
84152,4.0
84156,4.5
84187,3.5
84189,3.8
84240,4.0
84246,4.5
84273,5.0
84374,2.9
84392,3.6
84414,4.2
84512,5.0
84523,3.0
84553,4.0
84601,3.3
84615,2.2
84637,3.0
84696,4.0
84716,4.0
84772,3.2
84799,4.5
84844,4.5
84847,2.5
84942,3.8
84944,3.6
84950,2.5
84952,4.0
84954,3.2
85020,3.4
85022,3.1
85025,2.0
85056,3.1
85131,2.4
85179,3.8
85213,4.0
85259,4.0
85261,3.5
85295,5.0
85316,3.5
85334,0.5
85342,4.4
85354,3.5
85367,3.2
85394,3.0
85397,3.5
85399,1.0
85401,2.9
85412,3.8
85414,3.6
85438,3.0
85510,3.1
85565,0.0
85736,4.5
85774,3.8
85780,3.6
85788,2.7
85796,2.4
85881,3.8
85885,2.8
86000,4.0
86014,3.5
86028,2.0
86059,2.8
86066,4.0
86068,0.5
86142,4.0
86190,3.3
86237,5.0
86279,3.5
86286,2.0
86290,4.0
86293,3.0
86295,2.7
86298,3.1
86320,3.1
86332,3.5
86345,4.1
86347,3.3
86355,2.0
86377,4.0
86487,4.5
86504,4.3
86548,3.4
86593,2.5
86628,4.0
86644,3.0
86668,5.0
86721,5.0
86781,4.4
86815,3.5
86817,3.2
86833,3.8
86835,3.0
86864,3.0
86880,3.2
86882,3.6
86892,4.5
86898,4.0
86911,3.3
86922,4.0
86960,2.0
87028,2.0
87192,3.5
87194,3.5
87197,3.0
87222,3.3
87232,3.8
87234,4.2
87287,4.0
87298,2.7
87304,3.6
87306,3.6
87413,1.8
87430,2.4
87444,2.5
87483,2.7
87485,2.9
87520,2.4
87522,2.8
87529,3.1
87660,4.5
87785,2.8
87834,5.0
87867,2.8
87869,3.4
87876,3.2
87960,3.0
88069,4.0
88094,3.0
88108,3.0
88125,3.9
88129,3.8
88140,3.5
88163,4.0
88179,3.5
88235,3.6
88267,3.0
88272,3.5
88327,3.0
88345,4.0
88356,1.9
88405,3.0
88448,5.0
88515,3.0
88593,2.5
88672,3.2
88697,2.5
88699,3.5
88744,3.5
88746,3.5
88785,2.9
88810,3.8
88812,2.7
88911,3.0
88932,4.5
88954,3.2
89028,3.0
89030,3.2
89039,4.5
89047,4.0
89072,4.0
89085,2.5
89087,2.5
89090,4.5
89118,3.0
89190,1.8
89208,3.5
89281,3.5
89305,3.7
89343,3.0
89386,0.5
89388,1.5
89427,1.5
89470,3.7
89492,3.9
89580,4.0
89582,4.5
89586,3.5
89678,4.0
89745,3.9
89753,3.8
89759,4.3
89761,3.0
89774,3.7
89804,3.2
89837,4.5
89840,2.8
89862,3.5
89864,3.6
89898,3.5
89904,4.0
89939,3.8
89945,3.0
90057,3.8
90243,3.5
90245,4.0
90249,3.0
90343,2.8
90345,3.5
90353,4.0
90357,3.5
90374,3.8
90376,3.5
90384,2.0
90403,3.2
90405,3.4
90428,3.0
90430,4.0
90439,3.8
90469,3.5
90471,3.0
90522,3.0
90524,3.5
90528,3.5
90531,3.8
90576,4.5
90600,3.6
90603,3.7
90630,3.5
90647,3.6
90717,3.5
90719,2.5
90738,1.5
90746,3.5
90769,4.0
90809,3.0
90863,4.0
90866,3.8
90888,2.7
90890,2.3
90943,5.0
90945,3.0
91077,4.0
91079,2.5
91094,2.6
91104,2.2
91126,3.0
91128,3.6
91233,4.0
91261,3.5
91266,2.5
91273,1.5
91323,2.9
91325,2.8
91337,4.0
91353,3.8
91355,5.0
91386,5.0
91414,0.5
91470,3.0
91483,1.5
91485,3.5
91488,3.8
91500,3.4
91529,4.0
91535,3.1
91542,3.8
91571,2.5
91622,2.2
91628,2.0
91630,3.7
91653,3.3
91658,3.5
91660,2.5
91666,4.0
91671,1.0
91688,1.5
91690,3.7
91784,4.5
91842,3.0
91860,4.0
91869,3.5
91873,1.5
91890,3.0
91935,2.5
91947,4.5
91974,3.8
91976,2.9
91978,3.2
91981,2.5
92008,2.8
92046,3.0
92048,3.2
92094,3.5
92192,2.0
92198,2.0
92234,1.5
92243,4.5
92259,4.1
92264,2.0
92309,2.8
92348,4.0
92391,3.2
92420,3.4
92422,3.8
92427,1.0
92439,3.0
92475,4.2
92494,5.0
92507,3.4
92509,2.7
92535,4.3
92637,3.5
92643,4.5
92665,2.5
92674,2.5
92681,0.5
92694,4.2
92730,2.0
92760,3.5
92938,1.6
92954,3.5
93006,4.2
93008,5.0
93022,5.0
93040,4.0
93114,3.0
93134,3.5
93139,1.5
93193,3.0
93208,2.0
93242,1.5
93270,2.1
93272,3.1
93287,3.8
93297,3.8
93320,5.0
93326,2.6
93363,3.1
93443,3.2
93502,2.5
93510,3.9
93512,4.0
93563,3.2
93598,2.5
93610,3.0
93721,4.1
93723,2.2
93740,1.5
93766,2.6
93790,4.0
93805,3.8
93819,3.5
93831,2.6
93838,4.3
93840,4.0
93855,4.5
93980,1.2
93982,2.0
93988,4.5
94011,1.5
94015,3.0
94018,2.3
94070,3.9
94122,2.0
94130,3.5
94150,4.0
94160,3.0
94262,3.0
94266,2.5
94323,2.5
94325,4.0
94405,3.5
94478,2.5
94494,2.5
94503,3.7
94661,4.0
94677,3.6
94735,4.0
94777,3.3
94780,2.8
94799,3.5
94810,5.0
94833,3.3
94864,3.3
94867,3.5
94896,3.5
94919,2.5
94931,3.5
94953,3.0
94959,3.8
94985,3.8
95004,4.0
95067,2.8
95088,3.8
95105,3.4
95135,4.0
95145,3.5
95147,3.2
95149,5.0
95163,3.5
95165,4.0
95167,3.5
95170,4.0
95175,5.0
95182,3.0
95193,2.0
95199,3.0
95201,3.0
95207,2.8
95218,3.5
95307,2.8
95309,4.2
95311,5.0
95313,4.5
95377,3.8
95441,3.3
95449,2.7
95473,4.0
95475,4.0
95497,3.8
95499,4.0
95508,3.5
95510,3.2
95519,4.0
95543,2.9
95558,3.4
95583,2.8
95624,3.0
95633,4.5
95654,4.2
95690,4.5
95717,2.0
95720,3.0
95738,3.0
95744,2.5
95761,4.5
95771,4.0
95780,4.0
95796,0.5
95839,3.0
95843,5.0
95858,3.9
95873,3.5
95875,3.2
95939,4.0
95949,3.5
95965,4.0
96004,3.2
96007,2.0
96020,3.7
96079,3.8
96084,4.5
96110,3.4
96114,2.0
96121,1.0
96150,2.0
96281,3.5
96283,3.0
96373,4.5
96411,4.0
96417,3.2
96430,5.0
96432,3.6
96448,2.2
96471,3.0
96488,4.2
96518,3.0
96520,2.0
96530,2.5
96563,4.0
96567,4.0
96588,3.6
96606,3.8
96608,5.0
96610,3.6
96616,2.5
96655,3.0
96691,3.8
96726,1.5
96728,3.9
96737,3.7
96811,3.9
96815,2.8
96821,3.8
96829,4.3
96832,5.0
96861,3.3
96917,4.0
96935,5.0
96945,3.5
96964,1.5
96975,3.5
97024,0.5
97168,3.5
97172,2.5
97188,4.0
97194,1.0
97225,3.4
97230,3.0
97285,3.5
97304,4.0
97306,3.5
97328,3.0
97470,1.2
97643,3.0
97665,2.5
97701,3.0
97742,1.5
97752,3.7
97757,4.0
97785,3.0
97836,2.6
97858,2.0
97860,3.1
97866,4.8
97870,4.0
97904,4.0
97913,3.8
97921,3.7
97923,3.5
97936,3.0
97938,3.6
97950,2.5
97988,2.5
98061,3.5
98083,4.0
98122,3.0
98124,3.9
98154,4.5
98160,1.5
98175,1.5
98203,1.9
98230,3.5
98239,2.2
98243,3.8
98279,4.0
98296,1.5
98361,4.0
98491,4.4
98499,3.0
98503,3.0
98585,3.5
98604,4.5
98607,4.5
98623,3.0
98633,3.5
98697,2.5
98799,2.5
98809,3.8
98836,2.0
98908,1.5
98961,4.1
99005,1.5
99007,3.5
99030,4.0
99087,3.0
99106,2.5
99112,3.4
99114,3.9
99117,3.1
99122,3.5
99130,3.5
99145,3.7
99149,3.5
99191,4.0
99415,2.0
99437,4.0
99532,2.2
99574,3.0
99636,5.0
99638,3.0
99721,1.5
99728,3.3
99750,3.5
99764,4.2
99813,3.9
99846,3.0
99853,4.0
99910,3.2
99917,3.2
99992,3.0
100044,4.0
100068,3.5
100083,3.5
100106,3.5
100159,4.5
100163,2.9
100194,4.5
100226,1.5
100277,4.0
100302,3.0
100304,3.0
100306,3.5
100326,2.5
100383,3.9
100390,2.9
100397,3.5
100487,2.0
100498,2.1
100507,3.6
100527,4.0
100553,4.5
100556,5.0
100579,4.0
100611,4.0
100714,3.5
100737,3.5
100810,3.0
100843,3.5
100882,4.8
100906,5.0
101025,2.2
101070,2.5
101072,2.5
101074,2.0
101076,3.0
101088,3.8
101112,3.1
101142,3.8
101283,2.8
101360,1.5
101362,2.9
101415,1.5
101423,3.0
101525,3.5
101529,2.0
101531,2.0
101577,2.5
101612,3.0
101739,3.2
101741,3.8
101765,4.2
101864,3.3
101884,1.5
101895,4.0
101962,4.0
101973,1.5
102007,3.0
102025,0.5
102033,3.2
102058,3.0
102066,4.0
102070,3.0
102084,5.0
102088,2.0
102123,3.2
102125,3.6
102165,2.0
102194,4.3
102217,5.0
102278,2.0
102338,4.5
102378,2.8
102407,3.4
102445,3.7
102481,3.5
102590,3.0
102602,4.0
102666,4.5
102684,3.8
102686,3.4
102716,3.4
102720,3.0
102735,0.5
102742,4.0
102747,3.5
102749,0.5
102760,4.0
102800,2.5
102802,2.5
102819,3.0
102823,3.5
102852,3.0
102880,1.0
102903,3.4
102984,4.5
102993,3.1
103027,3.0
103042,3.3
103048,3.5
103075,3.2
103085,3.0
103107,4.2
103137,2.0
103141,3.9
103171,1.0
103210,2.0
103219,3.5
103221,2.5
103228,3.6
103233,3.0
103235,4.0
103245,2.5
103249,3.0
103253,3.3
103335,3.6
103339,2.9
103341,3.4
103366,2.0
103372,3.4
103384,2.8
103449,1.0
103483,4.5
103502,1.5
103539,3.2
103543,3.5
103596,1.9
103602,5.0
103606,4.0
103609,1.5
103624,4.0
103655,1.8
103685,4.5
103688,4.2
103755,2.5
103772,3.4
103801,2.3
103810,3.2
103819,2.2
103865,2.0
103883,4.0
103980,3.4
103984,3.5
104017,0.5
104069,4.1
104074,1.8
104076,1.9
104078,4.0
104129,3.2
104141,3.0
104211,3.7
104218,3.4
104241,3.5
104243,3.3
104245,3.0
104272,3.0
104283,4.0
104303,2.5
104337,1.5
104339,4.0
104374,3.9
104419,3.2
104457,3.8
104644,0.5
104760,1.0
104780,5.0
104837,2.0
104841,3.6
104863,2.7
104875,4.0
104879,4.2
104906,3.2
104908,3.0
104913,3.8
104925,3.5
104944,3.8
105020,1.5
105037,2.5
105121,1.0
105197,4.1
105211,3.0
105213,3.1
105246,3.5
105250,3.8
105254,3.5
105325,1.0
105351,2.2
105355,3.2
105468,2.2
105504,4.0
105540,4.5
105585,4.0
105593,4.5
105653,4.0
105720,3.0
105731,2.5
105746,4.5
105755,1.5
105801,3.0
105835,4.0
105844,3.6
105954,3.6
106002,3.4
106062,3.2
106072,3.3
106100,4.0
106144,3.5
106330,2.0
106438,3.2
106441,3.0
106487,3.6
106489,3.6
106491,2.6
106540,2.9
106542,1.5
106594,4.5
106642,4.6
106648,3.0
106696,3.6
106766,3.6
106782,3.9
106785,3.0
106839,3.8
106873,2.5
106883,1.5
106889,4.0
106916,3.2
106918,4.0
106920,3.9
106927,3.0
107013,0.5
107069,3.0
107141,3.7
107159,4.0
107314,3.0
107338,2.5
107348,3.4
107406,3.4
107408,4.5
107410,4.0
107412,4.5
107436,3.0
107447,4.0
107449,1.5
107462,4.5
107565,2.8
107630,4.5
107702,2.5
107723,3.0
107771,5.0
107780,4.0
107846,3.5
107945,2.0
107951,5.0
107953,4.0
107962,2.0
107997,2.2
107999,4.0
108078,5.0
108090,3.5
108156,3.2
108188,2.0
108190,3.0
108192,3.5
108540,4.5
108601,2.0
108689,2.2
108715,1.5
108727,4.2
108729,3.5
108795,5.0
108928,2.7
108932,3.9
108945,2.3
108949,3.3
108981,4.5
109042,2.2
109161,4.5
109183,2.0
109187,3.0
109191,1.5
109241,5.0
109282,3.0
109295,2.0
109313,4.0
109317,2.5
109372,2.2
109374,3.8
109383,3.5
109416,2.0
109483,2.6
109487,4.0
109569,1.0
109576,2.0
109578,3.2
109596,4.0
109633,5.0
109673,2.1
109687,5.0
109723,3.5
109846,3.2
109848,2.8
109850,3.8
109853,3.0
109864,1.8
109895,2.0
109897,0.5
109941,3.0
109968,4.2
109971,4.5
110102,3.7
110127,2.8
110130,4.3
110281,4.0
110286,3.5
110297,3.3
110330,4.5
110350,4.5
110387,4.0
110501,3.9
110541,2.5
110553,2.6
110586,4.0
110591,4.5
110603,0.5
110611,2.5
110655,2.0
110669,3.8
110718,4.0
110730,2.3
110746,4.0
110771,2.9
110773,0.5
110781,2.5
110826,1.5
110882,3.8
111113,3.3
111146,4.5
111320,1.5
111360,2.8
111362,3.8
111364,2.6
111375,2.5
111384,4.0
111443,2.8
111551,3.5
111617,3.8
111622,4.0
111659,2.8
111663,2.5
111680,1.5
111732,3.5
111743,3.0
111759,4.0
111781,3.6
111785,0.5
111795,3.0
111800,3.0
111817,3.5
111844,3.5
111913,4.5
111921,3.4
112006,3.8
112070,3.5
112138,3.7
112171,3.3
112175,3.8
112183,3.3
112290,3.8
112303,1.5
112316,2.5
112326,1.0
112334,4.5
112370,1.9
112421,4.3
112450,2.0
112454,3.5
112460,2.2
112497,2.0
112512,5.0
112515,4.5
112552,4.0
112556,3.7
112580,4.0
112623,3.4
112727,3.0
112749,2.0
112788,2.6
112804,3.8
112818,3.3
112852,4.1
112868,4.5
112897,3.5
112911,2.0
112940,4.5
113159,3.5
113186,3.0
113207,3.5
113225,3.0
113252,4.2
113275,4.5
113278,3.0
113280,4.0
113313,3.5
113345,2.0
113348,2.8
113350,1.5
113374,3.0
113378,2.3
113394,4.0
113416,1.5
113453,3.1
113532,3.5
113565,4.0
113573,3.2
113604,2.0
113705,3.5
113741,4.0
113780,3.0
113829,5.0
113849,2.5
113862,4.0
114028,4.0
114044,3.5
114060,2.8
114066,4.0
114074,3.3
114126,2.5
114180,2.9
114184,3.5
114246,3.0
114265,5.0
114335,3.0
114396,1.5
114494,1.5
114554,1.0
114601,2.8
114627,3.2
114662,3.8
114670,3.5
114678,4.2
114707,3.0
114713,3.0
114762,2.8
114795,3.5
114818,2.2
114847,3.0
114925,2.0
114935,3.9
115065,2.0
115111,3.5
115122,4.8
115149,3.8
115151,2.0
115170,2.5
115203,3.0
115210,3.8
115216,3.0
115231,3.2
115502,3.5
115569,4.2
115617,3.9
115664,4.0
115667,3.5
115680,3.8
115713,3.9
115727,5.0
115819,3.0
115828,4.5
115877,3.7
115969,4.0
116044,1.5
116138,2.0
116169,2.5
116207,1.5
116411,4.5
116413,3.0
116419,1.5
116505,3.0
116529,3.0
116668,4.0
116718,3.5
116724,4.0
116738,3.5
116797,4.0
116799,3.7
116817,4.5
116823,3.9
116849,2.5
116887,2.8
116897,4.2
116941,2.0
116963,1.5
116977,2.3
116985,1.5
117107,2.5
117109,3.0
117133,3.5
117176,3.7
117192,4.5
117364,4.0
117368,3.5
117444,3.0
117466,3.5
117511,3.0
117529,3.3
117531,5.0
117533,3.9
117545,3.8
117572,2.5
117590,3.6
117630,1.0
117646,4.5
117849,4.5
117851,3.7
117867,4.0
117877,3.0
117881,3.8
117887,4.0
117895,1.8
117922,3.5
118082,3.5
118166,3.5
118198,2.5
118248,1.5
118270,5.0
118290,2.0
118326,2.0
118354,3.0
118512,1.5
118530,4.5
118572,3.5
118696,3.4
118700,2.5
118702,2.5
118706,4.0
118784,3.5
118814,2.0
118834,5.0
118862,4.0
118880,3.5
118888,4.2
118894,5.0
118896,4.0
118900,2.9
118924,3.0
118930,4.5
118985,3.8
118997,2.8
119068,2.0
119141,3.5
119145,4.0
119153,4.5
119155,3.5
119167,3.5
119218,2.5
119655,2.2
119714,3.5
119828,3.0
119964,2.0
120130,5.0
120138,5.0
120466,3.2
120478,4.3
120625,4.5
120635,2.7
120637,2.5
120761,3.5
120783,2.5
120799,2.5
120807,4.0
120813,4.5
120827,3.0
120919,3.0
121007,4.0
121035,2.0
121097,2.8
121099,2.5
121129,2.5
121169,3.5
121171,4.0
121231,4.1
121253,3.0
121338,4.5
121342,3.5
121372,4.5
121374,4.5
121469,4.5
121715,3.5
121781,5.0
122092,5.0
122246,0.5
122260,2.5
122433,1.0
122490,1.5
122627,0.5
122882,3.8
122884,2.5
122886,3.9
122888,0.5
122890,3.4
122892,3.5
122896,3.8
122898,2.5
122900,3.7
122902,2.1
122904,3.8
122906,3.7
122912,4.0
122916,4.0
122918,3.9
122920,3.6
122922,3.7
122924,3.1
122926,4.2
122932,2.0
123200,4.5
123310,2.0
123545,3.0
123553,1.0
123947,2.8
124273,4.5
124404,5.0
124484,3.0
124851,5.0
124853,4.0
124859,2.0
125221,0.5
125914,3.0
125916,1.0
125970,3.5
125974,3.8
126088,5.0
126090,4.5
126142,4.0
126420,1.5
126426,4.0
126430,4.8
126482,3.0
126548,3.2
126577,4.0
126921,5.0
127052,3.8
127096,3.8
127098,4.4
127108,3.9
127114,4.0
127116,4.5
127130,4.0
127132,2.0
127134,3.5
127136,3.2
127146,3.0
127152,4.2
127164,3.5
127172,3.5
127180,4.0
127184,4.0
127194,2.0
127198,3.6
127202,3.8
127204,3.8
127212,4.5
127298,4.0
127319,1.5
127323,1.0
127390,4.0
128087,5.0
128089,4.5
128097,4.0
128099,4.5
128197,2.0
128360,3.8
128366,4.0
128488,3.0
128512,2.0
128520,3.8
128542,3.5
128592,1.0
128594,4.0
128620,3.9
128695,2.5
128736,3.5
128832,3.5
128838,3.5
128842,4.0
128852,3.8
128900,4.5
128902,4.0
128908,4.0
128914,5.0
128944,3.5
128968,4.0
128975,2.9
128991,4.5
129011,3.5
129229,2.0
129250,0.5
129313,4.0
129333,1.5
129354,3.2
129397,2.8
129428,3.0
129514,5.0
129657,1.0
129659,3.5
129737,2.2
129779,2.5
129937,2.2
130050,3.0
130052,3.5
130073,4.0
130083,2.0
130087,3.8
130444,4.0
130450,2.5
130452,4.0
130482,4.0
130490,2.8
130498,3.5
130518,4.0
130520,3.2
130576,2.4
130578,4.0
130634,2.8
130686,3.0
130840,4.5
130842,4.0
130970,5.0
130976,4.5
130978,5.0
131013,3.1
131023,4.5
131098,5.0
131104,4.5
131130,5.0
131237,5.0
131439,3.0
131480,2.0
131578,2.5
131610,5.0
131656,3.0
131714,3.0
131724,5.0
131739,3.0
131749,3.0
131796,4.0
131826,3.8
131920,4.5
131934,1.0
132046,2.5
132084,2.5
132153,5.0
132157,2.8
132333,5.0
132335,1.0
132362,3.5
132422,3.2
132424,1.8
132454,3.5
132462,1.0
132488,2.0
132496,4.5
132584,3.5
132618,1.5
132660,3.8
132796,1.9
132800,3.0
132888,3.0
133115,4.0
133195,1.5
133217,3.5
133281,2.0
133365,2.0
133377,1.5
133419,3.4
133545,1.0
133645,4.0
133712,3.8
133716,4.5
133771,4.0
133780,3.0
133782,2.0
133798,1.5
133802,4.2
133832,3.5
133867,4.5
133879,4.0
134004,5.0
134019,3.5
134021,2.5
134041,4.0
134095,5.0
134109,5.0
134130,4.0
134158,1.5
134170,3.7
134184,4.5
134214,3.5
134246,0.5
134248,3.0
134252,4.5
134326,4.5
134334,4.5
134368,3.7
134393,3.2
134515,3.0
134524,3.0
134528,0.5
134775,2.0
134783,2.0
134796,5.0
134808,2.0
134847,5.0
134849,4.0
134853,3.8
134859,3.5
134861,2.5
134881,4.3
135133,3.7
135137,2.6
135143,3.7
135198,4.0
135216,0.5
135288,3.0
135436,3.1
135456,3.2
135518,2.8
135532,3.3
135534,3.5
135536,2.9
135567,2.4
135569,3.5
135777,4.5
135787,3.5
135803,3.5
135815,4.0
135861,2.8
135885,3.0
135887,3.2
135937,3.0
136012,1.5
136016,3.0
136018,2.5
136020,3.1
136024,3.0
136297,0.5
136305,1.0
136341,5.0
136353,5.0
136355,5.0
136359,5.0
136443,1.5
136445,5.0
136447,5.0
136449,3.8
136469,5.0
136471,3.5
136503,5.0
136511,2.0
136540,4.5
136556,5.0
136562,3.8
136564,2.5
136598,3.4
136602,3.0
136654,1.5
136664,1.0
136666,2.2
136778,2.0
136786,1.5
136800,1.5
136816,2.5
136834,5.0
136838,2.5
136840,3.5
136850,5.0
136859,1.5
136864,2.3
136912,2.0
136958,2.0
137218,2.5
137337,3.5
137345,2.0
137517,0.5
137595,4.0
137857,3.6
137859,4.0
137863,4.0
138036,3.5
138186,0.5
138204,4.0
138208,3.0
138210,3.3
138396,3.5
138546,1.5
138610,1.5
138632,5.0
138702,3.0
138798,0.5
138835,5.0
138966,5.0
139052,2.0
139130,2.5
139157,4.5
139385,3.9
139415,3.0
139511,3.0
139640,5.0
139642,2.8
139644,3.5
139655,3.0
139717,1.2
139747,3.5
139855,3.2
139857,1.5
139859,2.5
139915,2.2
139994,4.0
140016,2.0
140038,4.5
140110,3.7
140133,5.0
140162,4.5
140174,3.6
140237,2.0
140247,3.2
140265,5.0
140267,4.0
140289,4.0
140301,3.0
140359,4.0
140481,4.5
140523,3.5
140525,1.5
140541,4.0
140561,4.0
140627,5.0
140711,2.7
140715,4.2
140725,3.5
140737,3.5
140816,4.5
140850,2.0
140852,1.0
140928,3.2
140956,3.5
141004,3.2
141131,2.5
141400,4.0
141408,3.8
141422,2.5
141513,4.0
141544,3.5
141646,3.5
141668,0.5
141688,3.5
141718,5.0
141749,3.8
141799,3.5
141810,4.0
141816,5.0
141818,4.5
141820,4.0
141830,3.2
141836,4.5
141844,4.5
141846,4.0
141866,3.3
141890,3.0
141928,5.0
141994,0.5
142020,5.0
142056,3.0
142074,1.5
142115,4.8
142196,4.5
142222,3.1
142366,3.0
142372,2.8
142420,3.0
142422,4.2
142424,2.0
142444,5.0
142448,3.1
142456,4.0
142488,4.2
142507,2.5
142509,3.8
142536,2.0
142550,4.5
142558,3.0
142598,4.0
142602,1.0
142831,4.5
142961,2.5
142997,2.9
143001,1.5
143031,5.0
143245,2.2
143255,1.5
143257,3.0
143355,3.3
143365,2.5
143367,3.8
143385,3.4
143410,2.0
143458,4.0
143472,1.5
143511,5.0
143525,4.0
143559,5.0
143859,2.8
143896,4.5
143969,2.8
144210,4.0
144222,3.0
144262,2.0
144352,0.5
144478,4.5
144522,2.0
144606,4.0
144620,2.0
144714,1.5
144716,2.0
144734,4.5
144976,4.5
145080,2.5
145150,3.0
145283,3.5
145418,4.0
145491,3.5
145724,0.5
145745,2.5
145839,2.5
145935,1.5
145951,0.5
145994,5.0
146024,4.0
146028,4.0
146210,3.0
146244,4.0
146309,4.0
146656,3.8
146662,5.0
146682,4.0
146684,5.0
146688,2.0
146730,2.0
146986,4.0
147002,4.0
147142,3.0
147196,5.0
147250,5.0
147282,4.0
147286,5.0
147300,5.0
147326,5.0
147328,5.0
147330,5.0
147372,3.8
147374,4.2
147376,4.8
147378,3.0
147380,2.9
147382,4.5
147384,4.0
147410,5.0
147657,4.0
147662,3.0
147936,4.5
148166,3.5
148172,2.5
148238,2.5
148424,3.8
148482,3.0
148592,3.0
148626,4.0
148632,4.5
148652,3.2
148667,3.5
148671,4.5
148675,2.0
148709,2.0
148775,4.0
148881,4.5
148888,2.5
148956,3.1
148978,4.0
148982,4.0
149011,3.5
149144,4.0
149146,4.0
149330,4.0
149334,3.0
149350,5.0
149352,2.7
149354,2.5
149380,1.5
149406,3.4
149508,5.0
149566,5.0
149590,2.5
149612,2.0
149830,4.5
149902,2.0
150254,2.0
150401,3.0
150548,3.9
150554,5.0
150596,4.2
150604,2.5
150696,4.5
150993,4.0
151311,3.0
151315,2.0
151317,2.0
151455,2.8
151479,1.5
151501,1.5
151557,2.5
151559,2.0
151653,1.5
151687,0.5
151695,4.0
151739,2.9
151745,0.5
151759,2.5
151763,4.0
151769,5.0
151777,3.0
151781,3.5
152037,2.0
152063,0.5
152065,3.5
152071,1.5
152077,3.7
152079,2.0
152081,3.9
152083,3.3
152085,2.5
152091,3.1
152105,4.5
152173,4.0
152270,3.5
152284,3.5
152372,3.5
152591,4.0
152658,1.5
152711,5.0
152970,4.4
153070,3.5
153236,3.0
153386,3.0
153408,4.0
154065,2.0
154358,4.0
154975,4.0
155064,3.0
155168,4.0
155288,2.8
155358,2.0
155509,3.5
155589,3.0
155659,4.0
155743,2.0
155774,3.5
155812,3.2
155820,2.5
155892,2.0
156025,5.0
156371,4.2
156387,3.8
156553,2.5
156605,4.5
156607,1.0
156609,2.6
156675,2.0
156706,2.5
156726,2.7
156781,4.0
156783,2.5
157108,4.5
157110,4.5
157122,3.0
157130,2.0
157172,0.5
157200,2.2
157270,2.5
157296,3.6
157312,2.7
157340,2.5
157369,4.0
157407,1.5
157432,1.0
157699,3.8
157775,5.0
157865,1.5
158022,1.5
158027,5.0
158035,3.5
158238,3.8
158254,1.5
158388,2.5
158398,5.0
158402,2.5
158528,2.5
158721,3.5
158783,2.7
158813,2.0
158830,2.5
158842,3.5
158872,3.6
158874,3.0
158882,5.0
158956,2.5
158966,4.5
158972,3.7
159061,3.0
159069,4.5
159077,2.5
159093,3.6
159161,4.5
159193,3.0
159403,3.0
159415,3.2
159441,3.5
159510,2.0
159690,2.0
159717,3.8
159755,2.8
159779,4.0
159811,5.0
159817,4.2
159849,2.5
159858,2.2
159976,4.5
160080,3.1
160271,3.6
160289,4.5
160341,2.5
160400,3.0
160422,3.0
160438,2.7
160440,1.5
160527,4.5
160563,3.1
160565,2.8
160567,3.3
160569,1.0
160571,3.0
160573,3.0
160644,5.0
160646,2.5
160684,3.5
160718,4.5
160730,2.0
160836,3.0
160848,4.5
160872,0.5
160954,2.6
160978,1.0
160980,3.2
161008,2.5
161024,4.5
161032,2.5
161044,3.0
161127,3.8
161131,3.6
161290,1.0
161354,3.0
161580,3.8
161582,3.6
161594,3.5
161634,3.3
161830,1.0
161918,1.5
161922,3.2
161966,4.0
162082,3.5
162344,5.0
162350,3.6
162414,5.0
162478,4.0
162578,4.0
162590,1.0
162598,3.5
162600,3.0
162602,4.5
162606,3.0
162828,2.5
162968,4.0
162982,3.0
163056,4.0
163072,5.0
163112,5.0
163134,4.0
163386,5.0
163527,4.0
163639,4.0
163645,3.9
163653,3.0
163809,2.5
163925,5.0
163937,3.5
163981,3.5
163985,4.5
164179,4.0
164200,4.0
164226,4.5
164280,3.5
164367,5.0
164375,1.5
164540,3.5
164647,2.5
164655,2.0
164707,4.0
164753,2.0
164881,1.5
164909,3.4
164917,4.5
165075,2.5
165101,2.9
165103,3.8
165139,2.0
165343,1.5
165347,2.0
165483,4.0
165489,2.5
165529,2.0
165549,2.9
165551,4.5
165635,1.0
165639,3.8
165645,0.5
165671,4.5
165843,4.0
165947,3.2
165959,5.0
165969,4.0
166015,3.5
166024,4.8
166183,5.0
166203,4.0
166291,4.0
166461,3.5
166492,3.5
166526,1.0
166528,3.9
166534,3.3
166558,3.0
166568,4.5
166635,3.7
166643,3.8
166705,3.0
166946,4.2
167018,3.1
167036,3.8
167064,5.0
167296,0.5
167370,2.5
167380,4.5
167538,1.0
167570,4.0
167634,4.5
167706,2.5
167732,3.5
167746,3.7
167772,1.5
167790,3.5
167854,4.5
168026,4.0
168090,4.0
168144,4.0
168174,3.0
168218,4.5
168248,4.1
168250,3.6
168252,4.3
168254,3.1
168266,3.8
168326,4.0
168350,2.5
168358,2.5
168366,3.5
168418,3.8
168456,2.0
168492,3.8
168608,3.0
168612,3.8
168632,4.0
168712,1.0
168846,4.5
169034,4.5
169180,2.5
169670,1.5
169904,2.0
169912,3.0
169958,1.0
169982,3.0
169984,2.8
169992,3.5
170289,1.0
170297,2.0
170355,3.8
170357,4.0
170399,4.0
170401,3.0
170411,4.0
170551,2.5
170597,5.0
170697,4.1
170705,4.3
170777,5.0
170813,3.0
170817,4.0
170827,3.5
170837,4.0
170875,2.3
170897,2.0
170907,4.0
170937,3.0
170939,3.5
170945,3.5
170957,3.0
170993,4.0
171011,4.2
171023,4.0
171251,4.0
171495,4.5
171631,1.0
171695,3.0
171701,3.5
171749,5.0
171751,2.5
171759,3.0
171763,4.3
171765,3.8
171811,4.0
171867,3.2
171891,3.5
171917,4.5
172013,3.0
172215,2.8
172229,3.0
172233,2.5
172253,3.0
172321,2.0
172461,3.0
172497,4.0
172547,2.2
172577,5.0
172583,5.0
172585,5.0
172587,5.0
172589,5.0
172591,4.8
172637,5.0
172705,5.0
172793,5.0
172825,4.5
172875,5.0
172881,3.5
172887,3.0
172909,5.0
173145,2.9
173197,4.2
173205,4.0
173209,4.0
173235,4.5
173253,3.5
173255,2.5
173291,2.9
173307,0.5
173317,4.5
173351,5.0
173355,5.0
173535,4.5
173619,5.0
173751,2.0
173873,2.0
173925,4.2
173941,3.0
173963,5.0
174045,4.0
174053,4.8
174055,3.4
174141,3.5
174403,2.5
174479,4.0
174551,5.0
174681,3.5
174727,3.0
174737,3.0
174815,3.5
174909,4.5
175197,3.5
175199,4.0
175293,5.0
175303,3.3
175387,5.0
175397,5.0
175401,4.0
175431,5.0
175435,4.5
175475,0.5
175485,1.7
175569,3.4
175577,1.5
175585,3.5
175661,2.7
175693,2.5
175705,3.5
175707,3.0
175743,3.0
175781,3.0
176051,3.5
176101,3.1
176329,4.0
176371,3.8
176389,2.0
176413,4.5
176415,3.5
176419,3.2
176423,4.0
176579,1.0
176601,5.0
176621,2.0
176751,4.5
176805,4.0
176935,2.0
177185,4.5
177285,3.0
177593,4.8
177615,3.3
177763,2.8
177765,3.5
177939,4.5
178061,3.3
178111,2.0
178129,3.5
178323,3.5
178613,4.0
178615,3.5
178827,4.2
179053,3.5
179073,3.0
179119,4.0
179133,5.0
179135,5.0
179211,3.0
179401,3.7
179427,4.0
179491,1.0
179511,4.0
179709,3.0
179749,1.5
179813,4.0
179815,1.5
179817,3.8
179819,3.1
179953,3.5
180031,3.7
180045,4.0
180095,4.0
180231,4.0
180263,2.0
180265,4.5
180297,3.8
180497,4.2
180777,4.5
180985,3.0
180987,1.5
181065,3.8
181139,1.5
181315,3.5
181413,4.5
181659,2.5
181719,3.5
182293,4.0
182297,4.0
182299,4.0
182639,4.0
182715,3.8
182727,2.0
182731,4.5
182749,2.5
182793,3.5
182823,2.9
183011,1.5
183197,3.5
183199,4.0
183227,3.5
183295,3.5
183301,3.0
183317,4.5
183611,4.0
183635,3.5
183897,3.5
183911,1.5
183959,4.5
184015,3.5
184053,2.0
184245,5.0
184253,2.2
184257,4.0
184349,3.5
184471,2.5
184641,0.5
184721,4.0
184791,3.2
184931,4.0
184987,3.0
184997,4.0
185029,2.8
185031,4.5
185033,2.0
185135,4.8
185435,3.0
185473,3.0
185585,2.8
186587,3.0
187031,3.2
187541,3.0
187593,3.9
187595,3.9
187717,5.0
188189,4.5
188301,3.7
188675,3.5
188751,4.5
188797,4.0
188833,4.5
189043,2.5
189111,3.0
189333,3.8
189381,2.5
189547,1.0
189713,2.5
190183,3.5
190207,1.5
190209,4.0
190213,1.0
190215,1.5
190219,1.0
190221,1.0
191005,4.5
193565,3.5
193567,3.0
193571,4.0
193573,4.0
193579,3.5
193581,4.0
193583,3.5
193585,3.5
193587,3.5
193609,4.0
